name,gender,firstChapter,affiliation,origin,height,bounty,dftype,image
A O,Masculin,551,Équipage d'A. O,Inconnue,Inconnue,0,,
Akudai Kanzaburo,Masculin,926,,Inconnue,Inconnue,0,,images\Akudai_Kanzaburo.png
Alpha,Féminin,1100,CP8,Inconnue,Inconnue,0,,images\Alpha.png
Akumai,Masculin,129,Baroque Works,Grand Line,Inconnue,0,,images\Akumai.png
Ally,Féminin,658,,Inconnue,Inconnue,0,,images\Ally.png
Aladine,Masculin,620,Équipage des Pirates du Soleil,Grand Line,627,0,,
Akehende,Masculin,548,,Inconnue,Inconnue,0,,images\Akehende.png
Albion,Masculin,600,Faux Équipage du Chapeau de Paille (Anciennement),Inconnue,Inconnue,92000000,,images\Albion.png
Alice,Féminin,487,Galley-La Company,Inconnue,Inconnue,0,,images\Alice.png
Alpacaman,Masculin,934,Équipage aux Cent Bêtes,Inconnue,Inconnue,0,Zoan,
Ahho Desunen IX,Masculin,587,Royaume de Goa,Inconnue,Inconnue,0,,images\Ahho_Desunen_IX.png
Ahiru,Féminin,905,Armée Révolutionnaire,Inconnue,Inconnue,0,,images\Ahiru.png
Aisa,Féminin,249,Shandias,Îles Célestes,140,0,,images\Aisa.png
Agyo,Masculin,706,Colisée Corrida,Inconnue,Inconnue,0,,
Ahho Zurako,Féminin,587,Royaume de Goa,Inconnue,Inconnue,0,,images\Ahho_Zurako.png
Charlotte Cinnamon,Féminin,860,Famille Charlotte,Grand Line,Inconnue,0,,images\Charlotte_Cinnamon.png
Charlotte Dolce and Dragée,Masculin,845,Famille Charlotte,Inconnue,Inconnue,0,,
Charlotte De-Chat,Masculin,845,Famille Charlotte,Inconnue,Inconnue,0,,images\Charlotte_De-Chat.png
Bonk Punch,Masculin,1,Équipage du Roux,Inconnue,Inconnue,0,,images\Bonk_Punch.png
Agsilly,Masculin,578,Allié de l'équipage de Barbe Blanche,Inconnue,Inconnue,0,,images\Agsilly.png
Charlotte Dacquoise,Masculin,854,Famille Charlotte,Inconnue,Inconnue,0,,images\Charlotte_Dacquoise.png
Charlotte Joscarpone,Féminin,845,Famille Charlotte,Inconnue,Inconnue,0,,images\Charlotte_Joscarpone.png
Charlotte Joconde,Féminin,894,Famille Charlotte,Inconnue,Inconnue,0,,images\Charlotte_Joconde.png
Charlotte Daifuku,Masculin,861,Famille Charlotte,Grand Line ,489,300000000,Paramecia,images\Charlotte_Daifuku.png
Charlotte Myukuru,Féminin,845,Famille Charlotte,Inconnue,Inconnue,0,,images\Charlotte_Myukuru.png
Charlotte Mozart,Féminin,862,Famille Charlotte,Inconnue,Inconnue,0,,images\Charlotte_Mozart.png
Charlotte Moscato,Masculin,829,Famille Charlotte,Inconnue,Inconnue,0,,images\Charlotte_Moscato.png
Charlotte High-Fat,Masculin,862,Famille Charlotte,Inconnue,Inconnue,0,,images\Charlotte_High-Fat.png
Charlotte Panna,Féminin,897,Famille Charlotte,Inconnue,Inconnue,0,,images\Charlotte_Panna.png
Chuchun,Masculin,306,Équipage de Foxy,Inconnue,Inconnue,0,,
Charlotte Poire,Féminin,860,Famille Charlotte,Inconnue,Inconnue,0,,images\Charlotte_Poire.png
Charlotte Perospero,Masculin,834,Famille Charlotte,Grand Line ,333,700000000,Paramecia,images\Charlotte_Perospero.png
Chouchou,Masculin,12,Hokker,East Blue,40,0,,images\Chouchou.png
Chome,Féminin,931,Équipage aux Cent Bêtes,Pays des Wa,150,0,,images\Chome.png
Choi,Masculin,555,Allié de l'équipage de Barbe Blanche,Inconnue,Inconnue,0,,images\Choi.png
Chocolat,Féminin,598,Faux Équipage du Chapeau de Paille,East Blue,181,0,,images\Chocolat.png
Compo,Masculin,1040,Équipage de Kid,Inconnue,Inconnue,0,,images\Compo.png
Comil,Masculin,289,Marine,Inconnue,Inconnue,0,,
Devil Dias,Masculin,497,Équipage des Acumates,Inconnue,Inconnue,0,,images\Devil_Dias.png
Den,Masculin,616,,Grand Line ,435,0,,images\Den.png
Demaro Black,Masculin,598,Faux Équipage du Chapeau de Paille,East Blue,245,0,,
Dellinger,Masculin,702,Équipage de Don Quichotte Doflamingo,North Blue,145,0,,images\Dellinger.png
Denjiro,Masculin,919,Famille Kozuki,Grand Line ,306,0,,images\Denjiro.png
Delacuaji,Masculin,551,Subordonné de L'Équipage de Barbe Blanche,Inconnue,Inconnue,0,,images\Delacuaji.png
Farafra,Masculin,167,Alabasta,Inconnue,Inconnue,0,,images\Farafra.png
Ethanbaron V. Nusjuro,Masculin,233,Cinq Doyens,Inconnue,Inconnue,0,,images\Ethanbaron_V._Nusjuro.png
Esta,Féminin,717,,Inconnue,Inconnue,0,,
Erio,Masculin,967,Équipage des Pirates de Roger,Inconnue,Inconnue,0,,images\Erio.png
Époni,Féminin,841,Royaume de Germa,Inconnue,Inconnue,0,,images\Époni.png
Erik,Masculin,167,Clan des sables (anciennement),Inconnue,Inconnue,0,,images\Erik.png
Epoida,Masculin,553,Équipage de Barbe Blanche,Inconnue,Inconnue,0,,images\Epoida.png
Eustass Kid,Masculin,498,Alliance des Ninjas-Pirates-Minks-Samouraïs,South Blue,205,3000000000,Paramecia,images\Eustass_Kid.png
Gaburu,Masculin,702,Armée de la Réforme,Inconnue,Inconnue,0,,images\Gaburu.png
Enishida,Féminin,517,Kujas,Calm Belt ,Inconnue,0,,images\Enishida.png
Fuza,Masculin,241,Clan d'Ener,Inconnue,Inconnue,0,,images\Fuza.png
Enel,Masculin,254,Clan d'Ener (Anciennement),Îles Célestes ,266,0,Logia,images\Enel.png
Gab,Masculin,580,Équipage du Roux,Inconnue,Inconnue,0,,
Emma,Féminin,1071,Équipage de Kid,Inconnue,Inconnue,0,,images\Emma.png
Emporio Ivankov,Masculin,537,Armée Révolutionnaire,Grand Line ,449,0,Paramecia,images\Emporio_Ivankov.png
Gol D. Roger,Masculin,1,Équipage des Pirates de Roger,East Blue ,274,0,,images\Gol_D._Roger.png
Goki,Masculin,954,"
",Inconnue,Inconnue,0,,images\Goki.png
Gode,Masculin,256,Clan d'Ener,Inconnue,Inconnue,0,,images\Gode.png
Glove,Masculin,427,Marine,Inconnue,Inconnue,0,,images\Glove.png
Guernica,Masculin,705,CP0,Inconnue,Inconnue,0,,images\Guernica.png
Gloriosa,Féminin,514,Kujas,Calm Belt ,Inconnue,0,,images\Gloriosa.png
Gladius,Masculin,682,Équipage de Don Quichotte Doflamingo,North Blue,260,0,Paramecia,images\Gladius.png
Hanzo,Masculin,931,Équipage aux Cent Bêtes,Pays des Wa,544,0,,images\Hanzo.png
Heat,Masculin,500,Équipage de Kid,South Blue,Inconnue,0,,images\Heat.png
Heppoko,Masculin,2,Équipage d'Alvida,East Blue,Inconnue,0,,images\Heppoko.png
Ibusu,Masculin,738,Royaume de Doerena,Inconnue,Inconnue,0,,images\Ibusu.png
Helmeppo,Masculin,3,Marine,Inconnue,179,0,,images\Helmeppo.png
Hattori,Masculin,323,CP0,Inconnue,Inconnue,0,,images\Hattori.png
Hatchan,Masculin,69,Takoyaki 8,Inconnue,220,8000000,,images\Hatchan.png
Hatcha,Masculin,981,Équipage aux Cent Bêtes,Punk Hazard,6680,0,,images\Hatcha.png
Hogback,Masculin,446,Équipage des Pirates Gecko,West Blue,223,0,,images\Hogback.png
Inoichibannosuke,Masculin,917,,Inconnue,Inconnue,0,,images\Inoichibannosuke.png
Inhel,Masculin,718,Royaume de Tontatta,Inconnue,Inconnue,0,,images\Inhel.png
Inukai,Masculin,932,,Inconnue,Inconnue,0,,images\Inukai.png
Indigo,Masculin,0,Équipage du Lion d'Or,Inconnue,Inconnue,0,,images\Indigo.png
Inuarashi,Masculin,808,Principauté de Mokomo,Grand Line ,511,0,,images\Inuarashi.png
Kinbo,Masculin,917,,Inconnue,Inconnue,0,,images\Kinbo.png
Kingdew,Masculin,562,Équipage de Barbe Blanche,Grand Line,Inconnue,0,,images\Kingdew.png
Kinga,Masculin,570,Équipage de Barbe Blanche,Inconnue,Inconnue,0,,images\Kinga.png
Kinderella,Féminin,261,Royaume maléfique de Black Drum,Inconnue,Inconnue,0,,images\Kinderella.png
Kingbaum,Masculin,836,Équipage de Big Mom,Grand Line ,2340,0,,
Kinoko,Masculin,536,Équipage du Clown,Inconnue,Inconnue,0,,images\Kinoko.png
Kin'emon,Masculin,656,Famille Kozuki,Grand Line ,295,0,Paramecia,images\Kin'emon.png
King,Masculin,920,Équipage aux Cent Bêtes,Grand Line,613,1390000000,Zoan,images\King.png
Kiev,Masculin,325,Franky Family,Inconnue,Inconnue,0,,
Kotetsu,Masculin,912,,Inconnue,Inconnue,0,,images\Kotetsu.png
Kimel,Masculin,552,Équipage des Spade,Inconnue,Inconnue,0,,images\Kimel.png
Kikyo,Féminin,514,Kujas,Calm Belt ,Inconnue,0,,images\Kikyo.png
Kiku,Féminin,515,Kujas,Inconnue,Inconnue,0,,images\Kiku.png
Kikunojo,Féminin,913,Famille Kozuki,Grand Line ,287,0,,images\Kikunojo.png
Kikipatsu,Masculin,925,Équipage de Barbe Noire,Inconnue,Inconnue,0,,images\Kikipatsu.png
Killer,Masculin,498,Équipage de Kid,South Blue,195,200000000,,images\Killer.png
Kurozumi Higurashi,Féminin,965,Famille Kurozumi,Inconnue,Inconnue,0,Paramecia,images\Kurozumi_Higurashi.png
Kurotsuru,Masculin,276,,Inconnue,Inconnue,0,,images\Kurotsuru.png
Kurosawa,Masculin,920,Famille Kozuki,Inconnue,Inconnue,0,,images\Kurosawa.png
Kuroobi,Masculin,69,Équipage d'Arlong,Grand Line ,252,9000000,,images\Kuroobi.png
Kurokoma,Masculin,960,Famille Kurokoma,Inconnue,Inconnue,0,,images\Kurokoma.png
Kuromarimo,Masculin,131,Équipage du Bliking (Dissous),Grand Line ,186,0,,images\Kuromarimo.png
Kurozumi Kanjuro,Masculin,700,Famille Kurozumi,Inconnue,347,0,Paramecia,images\Kurozumi_Kanjuro.png
Kuro,Masculin,23,Équipage du Chat Noir,East Blue,207,16000000,,images\Kuro.png
Megalo,Masculin,605,Royaume Ryugu,Inconnue,Inconnue,0,,images\Megalo.png
McKinley,Masculin,241,Bérets Blancs,Inconnue,Inconnue,0,,images\McKinley.png
Mihar,Masculin,552,Équipage de Barbe Blanche,Inconnue,Inconnue,0,,images\Mihar.png
Mero,Féminin,608,Mermaid Café,Grand Line ,Inconnue,0,,images\Mero.png
Meadows,Masculin,706,Colisée Corrida,Inconnue,Inconnue,0,,images\Meadows.png
Merry,Masculin,24,Sirop,East Blue ,Inconnue,0,,images\Merry.png
McGuy,Masculin,551,Subordonné de L'Équipage de Barbe Blanche,Inconnue,Inconnue,0,,
Moon Isaac Jr.,Masculin,966,Équipage des Pirates de Roger,Inconnue,Inconnue,0,,images\Moon_Isaac_Jr..png
Moqueca,Masculin,906,Levely,Inconnue,Inconnue,0,,images\Moqueca.png
Mornin,Masculin,23,,East Blue ,Inconnue,0,,
Moodie,Féminin,43,,East Blue,Inconnue,0,,images\Moodie.png
Morley,Féminin,904,Armée Révolutionnaire,West Blue,1253,293000000,Paramecia,images\Morley.png
Morgan,Masculin,4,Rénégat de la Marine,Inconnue,285,0,,images\Morgan.png
Mont Blanc Noland,Masculin,286,Royaume de Luvneel,North Blue,220,0,,images\Mont_Blanc_Noland.png
Morgans,Masculin,860,World Economy News Paper,Grand Line,305,0,Zoan,images\Morgans.png
Nigeratta,Masculin,398,N/A,Inconnue,Inconnue,0,,images\Nigeratta.png
Nico Olvia,Féminin,392,Archéologue d'Ohara,West Blue ,186,0,,images\Nico_Olvia.png
Nezumi,Masculin,69,Marine,East Blue,182,0,,images\Nezumi.png
Mont Blanc Cricket,Masculin,227,Forces Spéciales Simiesques,North Blue,242,25000000,,images\Mont_Blanc_Cricket.png
Nerona Imu,Féminin,1085,Gouvernement Mondial,Inconnue,Inconnue,0,,images\Nerona_Imu.png
Nika,Masculin,1018,,Inconnue,Inconnue,0,,images\Nika.png
Nero,Masculin,367,CP9 (Anciennement),West Blue,202,0,,images\Nero.png
Okame,Féminin,163,Clan des sables (anciennement),Inconnue,Inconnue,0,,images\Okame.png
Nico Robin,Féminin,114,Équipage du Chapeau de Paille,West Blue,188,930000000,Paramecia,images\Nico_Robin.png
Pankuta Dakeyan,Masculin,525,,Grand Line,Inconnue,0,,images\Pankuta_Dakeyan.png
Oimo,Masculin,377,Gouvernement (fait défection),Grand Line ,1600,0,,images\Oimo.png
Oide,Féminin,909,,Inconnue,Inconnue,0,,images\Oide.png
Pansy,Féminin,515,Kujas,Calm Belt ,Inconnue,0,,images\Pansy.png
Ohm,Masculin,241,Clan d'Ener (Anciennement),Îles Célestes ,189,0,,images\Ohm.png
Peppoko,Masculin,2,Équipage d'Alvida,East Blue,Inconnue,0,,images\Peppoko.png
Papaneel,Masculin,621,,Grand Line ,Inconnue,0,,images\Papaneel.png
Ripper,Masculin,7,Marine,East Blue,Inconnue,0,,images\Ripper.png
Rint,Féminin,391,Archéologue d'Ohara,Inconnue,Inconnue,0,,images\Rint.png
Rindo,Féminin,516,Kujas,Calm Belt ,Inconnue,0,,images\Rindo.png
Reuder,Masculin,550,,Inconnue,Inconnue,0,,images\Reuder.png
Reforte,Masculin,556,Équipage de Barbe Blanche,Inconnue,Inconnue,0,,
Richie,Masculin,9,Cross Guild,Inconnue,Inconnue,0,,images\Richie.png
Rika,Féminin,3,Marine,East Blue,Inconnue,0,,images\Rika.png
Riku Doldo III,Masculin,706,Famille Riku,Grand Line ,261,0,,images\Riku_Doldo_III.png
Speed Jiru,Masculin,553,Équipage de Barbe Blanche,East Blue,Inconnue,0,,images\Speed_Jiru.png
Spandine,Masculin,392,CP9 (Anciennement),Grand Line,275,0,,images\Spandine.png
Spartan,Masculin,703,Colisée Corrida,Inconnue,Inconnue,0,,images\Spartan.png
Spacey,Masculin,433,Spaceys,Inconnue,Inconnue,0,,images\Spacey.png
Spencer,Masculin,966,Équipage des Pirates de Roger,Inconnue,Inconnue,0,,images\Spencer.png
Spector,Masculin,223,,Inconnue,Inconnue,0,,images\Spector.png
Spandam,Masculin,355,CP0,Grand Line,192,0,,images\Spandam.png
Speed,Féminin,917,Équipage aux Cent Bêtes,Pays des Wa,298,0,Zoan,images\Speed.png
Some,Féminin,1031,,Inconnue,Inconnue,0,,images\Some.png
Soro,Masculin,3,Hermep,East Blue,Inconnue,0,,images\Soro.png
Snakeman,Masculin,916,Équipage aux Cent Bêtes,Inconnue,Inconnue,0,Zoan,images\Snakeman.png
Sodom,Masculin,366,Franky Family,Inconnue,Inconnue,0,,images\Sodom.png
Sonieh,Masculin,318,Équipage de Foxy,Inconnue,Inconnue,0,,
Sora,Masculin,825,,Inconnue,Inconnue,0,,images\Sora.png
Solitaire,Féminin,935,Équipage aux Cent Bêtes,Inconnue,Inconnue,0,Zoan,images\Solitaire.png
Sora,Féminin,608,Mermaid Café,Grand Line ,Inconnue,0,,images\Sora.png
Tokijiro,Masculin,929,,Inconnue,Inconnue,0,,images\Tokijiro.png
Togare,Masculin,628,Île des Hommes-Poissons,Grand Line ,Inconnue,0,,images\Togare.png
Tibany,Masculin,543,Kedétrav,Inconnue,Inconnue,0,,images\Tibany.png
Thalassa Lucas,Masculin,142,Royaume d'Ilisia,Inconnue,Inconnue,0,,images\Thalassa_Lucas.png
Ucy,Masculin,706,Colisée Corrida,Inconnue,Inconnue,0,,images\Ucy.png
Victoria Cindry,Féminin,446,Équipage des Pirates Gecko,West Blue,188,0,,images\Victoria_Cindry.png
Thatch,Masculin,440,Équipage de Barbe Blanche,North Blue,Inconnue,0,,images\Thatch.png
Tilestone,Masculin,323,Galley-La Company,Grand Line ,255,0,,images\Tilestone.png
Vitan,Masculin,553,Équipage de Barbe Blanche,Inconnue,Inconnue,0,,images\Vitan.png
Vista,Masculin,552,Équipage de Barbe Blanche (Anciennement),North Blue,328,0,,images\Vista.png
Vinsmoke Yonji,Masculin,825,Famille Vinsmoke,North Blue ,194,0,,images\Vinsmoke_Yonji.png
Vinsmoke Sora,Féminin,841,Famille Vinsmoke,Inconnue,Inconnue,0,,images\Vinsmoke_Sora.png
Woop Slap,Masculin,1,Village Fuchsia,East Blue ,Inconnue,0,,
Viola,Féminin,703,Famille Riku,Grand Line ,178,0,Paramecia,images\Viola.png
Vinsmoke Niji,Masculin,828,Famille Vinsmoke,North Blue ,185,0,,images\Vinsmoke_Niji.png
Vinsmoke Reiju,Féminin,826,Famille Vinsmoke,North Blue ,173,0,,images\Vinsmoke_Reiju.png
Zucca,Masculin,564,Allié de l'équipage de Barbe Blanche,Inconnue,Inconnue,0,,images\Zucca.png
Zodia,Masculin,553,Équipage de Barbe Blanche,Inconnue,Inconnue,0,,images\Zodia.png
Zotto,Masculin,533,Marine,Inconnue,Inconnue,0,,
Zeus,Masculin,827,Équipage du Chapeau de Paille,Grand Line,232,0,,images\Zeus.png
Zanki,Masculin,991,Équipage aux Cent Bêtes,Inconnue,Inconnue,0,,images\Zanki.png
Zeo,Masculin,611,Équipage des Nouveaux Hommes-Poissons,Grand Line ,325,0,,images\Zeo.png
Zepo,Masculin,850,Pirates de Nox,Inconnue,Inconnue,0,,images\Zepo.png
Zeff,Masculin,43,Baratie,East Blue,189,0,,images\Zeff.png
Zadie,Masculin,391,Archéologue d'Ohara,Inconnue,Inconnue,0,,images\Zadie.png
Zambai,Masculin,324,Franky Family,Grand Line ,227,0,,images\Zambai.png
Zala,Féminin,155,Baroque Works,Grand Line,187,35000000,Paramecia,images\Zala.png
Zabo,Masculin,241,,Inconnue,Inconnue,0,,images\Zabo.png
Yurikah,Masculin,151,Équipage des Tulipes,Inconnue,Inconnue,0,,images\Yurikah.png
Yoshimoto,Masculin,157,,Inconnue,Inconnue,0,,images\Yoshimoto.png
Yui,Masculin,966,Équipage des Pirates de Roger,Inconnue,Inconnue,0,,images\Yui.png
Yotsubane,Masculin,269,Shandias,Inconnue,Inconnue,0,,images\Yotsubane.png
Yuki,Féminin,129,,Grand Line,Inconnue,0,,images\Yuki.png
Yorki,Masculin,103,Équipage du Rumbar,Inconnue,Inconnue,0,,images\Yorki.png
Yu,Féminin,98,,East Blue,Inconnue,0,,images\Yu.png
Yosaku,Masculin,42,Chasseurs de Primes,East Blue,185,0,,images\Yosaku.png
Yatappe,Masculin,952,,Inconnue,Inconnue,0,,images\Yatappe.png
Yomo,Masculin,806,Principauté de Mokomo,Inconnue,Inconnue,0,,images\Yomo.png
Yazaemon,Masculin,931,Équipage aux Cent Bêtes,Pays des Wa,180,0,,images\Yazaemon.png
Yokozuna,Masculin,322,Tom's Workers,Inconnue,Inconnue,0,,images\Yokozuna.png
Yokan,Masculin,915,,Inconnue,Inconnue,0,,images\Yokan.png
York,Féminin,1065,Vegapunk,Inconnue,Inconnue,0,,images\York.png
Yasopp,Masculin,1,Équipage du Roux,East Blue ,183,0,,images\Yasopp.png
Yarisugi,Masculin,673,Marine,Inconnue,220,0,,images\Yarisugi.png
Yamon,Masculin,966,Équipage des Pirates de Roger,Inconnue,Inconnue,0,,images\Yamon.png
Yamenahare,Masculin,436,Marumieta,Inconnue,Inconnue,0,,images\Yamenahare.png
Yame,Féminin,917,,Inconnue,Inconnue,0,,images\Yame.png
Yamakaji,Masculin,420,Marine,Inconnue,Inconnue,0,,images\Yamakaji.png
Yamato,Masculin,971,Alliance des Ninjas-Pirates-Minks-Samouraïs,Inconnue,263,0,Zoan,images\Yamato.png
Yama,Masculin,254,Ener,Îles Célestes ,366,0,,images\Yama.png
Wire,Masculin,500,Équipage de Kid,South Blue,Inconnue,0,,images\Wire.png
Wyper,Masculin,237,Shandias,Îles Célestes ,183,0,,images\Wyper.png
Wicca,Féminin,705,Royaume de Tontatta,Inconnue,Inconnue,0,,images\Wicca.png
Who's-Who,Masculin,977,Équipage aux Cent Bêtes,North Blue,336,546000000,Zoan,images\Who's-Who.png
X Drake,Masculin,498,Marine,North Blue,233,222000000,Zoan,images\X_Drake.png
Wheel,Masculin,906,Levely,Inconnue,Inconnue,0,,images\Wheel.png
Waruno Furishiro,Masculin,926,,Inconnue,Inconnue,0,,images\Waruno_Furishiro.png
Warashi,Masculin,269,Shandias,Inconnue,Inconnue,0,,images\Warashi.png
Wapol,Masculin,131,Royaume maléfique de Black Drum,Grand Line ,207,0,Paramecia,images\Wapol.png
Wellington,Masculin,763,,Inconnue,Inconnue,10000000,,images\Wellington.png
Wallem,Masculin,561,Allié de l'équipage de Barbe Blanche,Inconnue,Inconnue,0,,images\Wallem.png
Wanze,Masculin,367,CP7,West Blue,173,0,,images\Wanze.png
Wanyudo,Masculin,1005,Équipage aux Cent Bêtes,Inconnue,Inconnue,0,Zoan,images\Wanyudo.png
Whitey Bay,Féminin,556,Équipage de Barbe Blanche,Inconnue,Inconnue,0,,images\Whitey_Bay.png
Wanda,Féminin,804,Principauté de Mokomo,Grand Line ,181,0,,images\Wanda.png
Wakasa,Féminin,915,,Inconnue,Inconnue,0,,images\Wakasa.png
Wadatsumi,Masculin,606,Équipage des Pirates du Soleil,Grand Line ,Inconnue,0,,images\Wadatsumi.png
Wallace,Masculin,552,Équipage des Spade,Inconnue,Inconnue,0,,images\Wallace.png
Vito,Masculin,812,Équipage du Fire Tank,West Blue,242,95000000,,images\Vito.png
Vinsmoke Judge,Masculin,832,Famille Vinsmoke,North Blue ,272,0,,images\Vinsmoke_Judge.png
Vinsmoke Ichiji,Masculin,828,Famille Vinsmoke,North Blue ,186,0,,images\Vinsmoke_Ichiji.png
Very Good,Masculin,426,Marine,Inconnue,Inconnue,0,Paramecia,images\Very_Good.png
Vergo,Masculin,671,Équipage de Don Quichotte Doflamingo,North Blue,247,0,,images\Vergo.png
Vasco Shot,Masculin,575,Équipage de Barbe Noire,South Blue,573,0,Paramecia,images\Vasco_Shot.png
Vegapunk,Masculin,684,Gouvernement Mondial,Grand Line ,Inconnue,0,Paramecia,images\Vegapunk.png
Uwattsura,Masculin,936,Équipage aux Cent Bêtes,Inconnue,Inconnue,0,,images\Uwattsura.png
Vander Decken IX,Masculin,606,Équipage des Pirates Volants,Grand Line ,352,0,Paramecia,images\Vander_Decken_IX.png
Uzu,Masculin,658,,Inconnue,Inconnue,0,,images\Uzu.png
Van Augur,Masculin,222,Équipage de Barbe Noire,East Blue,340,0,Paramecia,images\Van_Augur.png
Uzuki Tempura,Masculin,1024,,Inconnue,Inconnue,0,,images\Uzuki_Tempura.png
Vander Decken,Masculin,606,Hollandais Volant,Inconnue,Inconnue,0,,images\Vander_Decken.png
Uta,Féminin,1055,Équipage du Roux,Inconnue,169,0,Paramecia,images\Uta.png
Usopp,Masculin,23,Équipage du Chapeau de Paille,East Blue ,176,500000000,,images\Usopp.png
Ushiano,Masculin,905,Armée Révolutionnaire,Inconnue,Inconnue,0,,images\Ushiano.png
Usakkov,Masculin,537,Impel Down,Inconnue,Inconnue,0,,
Urban,Masculin,1089,Marine,Inconnue,Inconnue,0,,images\Urban.png
Usagihebi,Masculin,22,Animals of the Island of Rare Animals,Inconnue,Inconnue,0,,
Urashima,Masculin,913,,Inconnue,Inconnue,0,,images\Urashima.png
Urouge,Masculin,498,Équipage des Moines Dépravés,Îles Célestes,388,108000000,,images\Urouge.png
Uni,Masculin,810,Équipage du Heart,Inconnue,Inconnue,0,,images\Uni.png
Umit,Masculin,860,Pègre,Inconnue,Inconnue,0,,images\Umit.png
Ultraking,Masculin,169,Alabasta,Inconnue,Inconnue,0,,images\Ultraking.png
Unigaro,Masculin,445,Équipage des Pirates Gecko,Inconnue,Inconnue,0,,images\Unigaro.png
Ukon,Masculin,926,Famille Kozuki,Inconnue,Inconnue,0,,images\Ukon.png
UK,Masculin,1029,Équipage de Kid,Inconnue,Inconnue,0,,images\UK.png
Ulti,Féminin,977,Équipage aux Cent Bêtes,Grand Line,173,400000000,Zoan,images\Ulti.png
Uholisia,Féminin,877,Nihou Navy,Inconnue,Inconnue,0,,images\Uholisia.png
Ubau,Masculin,292,,Skypiea,Inconnue,0,,images\Ubau.png
Turco,Masculin,598,Faux Équipage du Chapeau de Paille,East Blue,258,0,,images\Turco.png
Ukkari,Masculin,4,Marine,East Blue,Inconnue,0,,images\Ukkari.png
Tsurujo,Féminin,912,,Inconnue,191,0,,images\Tsurujo.png
Tsurue Monnosuke,Masculin,933,,Inconnue,Inconnue,0,,images\Tsurue_Monnosuke.png
Tsunokkov,Masculin,537,Impel Down,Inconnue,Inconnue,0,,
Tsunagoro,Masculin,947,,Inconnue,Inconnue,0,,images\Tsunagoro.png
Tsukimi,Masculin,448,Lune,Inconnue,Inconnue,0,,images\Tsukimi.png
Tsugaru Umi,Féminin,909,Pays des Wa,Inconnue,Inconnue,0,,images\Tsugaru_Umi.png
Tsuru,Féminin,234,Marine,North Blue,204,0,Paramecia,images\Tsuru.png
Tristan,Féminin,795,Principauté de Mokomo,Inconnue,Inconnue,0,,images\Tristan.png
Tritobu,Masculin,906,Levely,Inconnue,Inconnue,0,,images\Tritobu.png
Trebol,Masculin,700,Équipage de Don Quichotte Doflamingo,North Blue,349,0,Paramecia,images\Trebol.png
Trafalgar Lami,Féminin,762,,Inconnue,Inconnue,0,,
Toyama Tsujigiro,Masculin,909,,Inconnue,Inconnue,0,,images\Toyama_Tsujigiro.png
Toto,Masculin,163,Alabasta,Inconnue,Inconnue,0,,images\Toto.png
Tosa,Masculin,1089,Marine,Inconnue,Inconnue,0,,images\Tosa.png
Tori,Féminin,925,Équipage de Barbe Noire,Inconnue,Inconnue,0,,images\Tori.png
Trafalgar D. Water Law,Masculin,498,Équipage du Heart,North Blue,191,3000000000,Paramecia,images\Trafalgar_D._Water_Law.png
Tonjit,Masculin,304,Davy Back Fight,Grand Line ,118,0,,images\Tonjit.png
Topman Warcury,Masculin,233,Cinq Doyens,Inconnue,Inconnue,0,,images\Topman_Warcury.png
Tony Tony Chopper,Masculin,134,Équipage du Chapeau de Paille,Grand Line ,90,1000,Zoan,images\Tony_Tony_Chopper.png
Tomato Gang,Masculin,179,Easter Egg,Inconnue,Inconnue,0,,images\Tomato_Gang.png
Toko,Féminin,927,Pays des Wa,Inconnue,89,0,,images\Toko.png
Tokikake,Masculin,907,Marine,Inconnue,Inconnue,0,,images\Tokikake.png
Tetsu,Masculin,948,Alliance des Ninjas-Pirates-Minks-Samouraïs,Inconnue,Inconnue,0,,
Tom,Masculin,352,Tom's Workers,Grand Line ,296,0,,images\Tom.png
Terry Gilteo,Masculin,440,Armée Révolutionnaire,Inconnue,Inconnue,0,,images\Terry_Gilteo.png
Terracotta,Féminin,213,Alabasta,Inconnue,Inconnue,0,,images\Terracotta.png
Terry,Masculin,223,,Inconnue,Inconnue,0,,images\Terry.png
Tensei,Masculin,1054,Marine,Inconnue,Inconnue,0,,images\Tensei.png
Tenjo-Sagari,Féminin,980,Équipage aux Cent Bêtes,Inconnue,Inconnue,0,Zoan,images\Tenjo-Sagari.png
Tegata Ringana,Masculin,785,,Inconnue,Inconnue,0,,images\Tegata_Ringana.png
Tea IV,Masculin,823,Levely,Inconnue,Inconnue,0,,images\Tea_IV.png
Teto,Féminin,234,Équipage de Barbe Blanche,Inconnue,Inconnue,0,,images\Teto.png
Taroimo,Masculin,523,Karakuri,Inconnue,Inconnue,0,,images\Taroimo.png
Tararan,Masculin,452,Équipage des Pirates Gecko,Inconnue,Inconnue,0,,images\Tararan.png
Tarara,Masculin,713,Royaume de Tontatta,Inconnue,Inconnue,0,,images\Tarara.png
Tashigi,Féminin,96,Marine,East Blue,170,0,,images\Tashigi.png
Tank Lepanto,Masculin,706,Famille Riku,Inconnue,Inconnue,0,,images\Tank_Lepanto.png
Tansui,Masculin,197,Équipage des Maquereaux,Grand Line ,Inconnue,0,,images\Tansui.png
Tamanegi,Masculin,23,Équipage du Capitaine Usopp,East Blue ,124,0,,images\Tamanegi.png
Tamagon,Masculin,325,Franky Family,Inconnue,Inconnue,0,,images\Tamagon.png
Tamachibi,Masculin,134,Île de Drum,Grand Line ,Inconnue,0,,images\Tamachibi.png
Take,Masculin,75,Équipage d'Arlong,Grand Line ,Inconnue,0,,images\Take.png
Tamago,Masculin,651,Équipage de Big Mom,Grand Line,301,429000000,Zoan,images\Tamago.png
Takao,Féminin,927,Komurasaki,Inconnue,Inconnue,0,,images\Takao.png
Tacos,Masculin,905,,Inconnue,Inconnue,0,,images\Tacos.png
Tabuhachiro,Masculin,920,Famille Kozuki,Inconnue,Inconnue,0,,images\Tabuhachiro.png
Sweet Pea,Féminin,514,Kujas,Calm Belt ,Inconnue,0,,images\Sweet_Pea.png
Sunbell,Masculin,0,Équipage des Pirates de Roger,Inconnue,Inconnue,0,,images\Sunbell.png
T Bone,Masculin,365,Marine,Grand Line,200,0,,images\T_Bone.png
Sukoshiba Kanishitoru,Masculin,536,,Inconnue,Inconnue,0,,images\Sukoshiba_Kanishitoru.png
Suke,Masculin,927,Famille Kyoshiro,Inconnue,Inconnue,0,,images\Suke.png
Surume,Masculin,604,Équipage du Chapeau de Paille,North Blue ,Inconnue,0,,images\Surume.png
Suleiman,Masculin,704,Équipage des Magnifiques Pirates,South Blue,240,67000000,,images\Suleiman.png
Sugar,Féminin,682,Équipage de Don Quichotte Doflamingo,North Blue,110,0,Paramecia,images\Sugar.png
Su,Féminin,239,Îles Célestes,Inconnue,Inconnue,0,,images\Su.png
Stronger,Masculin,223,Équipage de Barbe Noire,Inconnue,Inconnue,0,Zoan,images\Stronger.png
Stroganoff,Masculin,908,Levely,Inconnue,Inconnue,0,,images\Stroganoff.png
Stussy,Féminin,860,CP0,Grand Line,179,0,,images\Stussy.png
Strawberry,Masculin,420,Marine,Inconnue,Inconnue,0,,images\Strawberry.png
Streusen,Masculin,858,Équipage de Big Mom,Grand Line,140,0,Paramecia,images\Streusen.png
Stevie,Masculin,361,Water 7,Inconnue,Inconnue,0,,images\Stevie.png
Sterry,Masculin,586,Royaume de Goa,East Blue ,180,0,,images\Sterry.png
Stealth Black,Masculin,931,Germa 66 (fiction),Inconnue,Inconnue,0,,
Stansen,Masculin,500,Nouvel Équipage des Géants,Grand Line,Inconnue,0,,images\Stansen.png
Stalker,Masculin,524,Marine,Grand Line,Inconnue,0,,images\Stalker.png
Stainless,Masculin,96,Marine,Inconnue,Inconnue,0,,images\Stainless.png
Spoil,Masculin,448,Association des Victimes de Thriller Bark,Inconnue,Inconnue,0,,images\Spoil.png
Squard,Masculin,551,Équipage des Spider Malstrom,Grand Line,228,210000000,,images\Squard.png
Splash and Splatter,Masculin,610,,Inconnue,Inconnue,0,,
Sphinx,Masculin,529,Impel Down,Inconnue,Inconnue,0,,images\Sphinx.png
Smooge,Masculin,668,César Clown,Inconnue,Inconnue,0,,
Sleepy,Masculin,,Allié de l'équipage de Barbe Blanche,Inconnue,Inconnue,0,,images\Sleepy.png
Smoker,Masculin,97,Marine,Grand Line,209,0,Logia,images\Smoker.png
Sind,Masculin,657,,Inconnue,Inconnue,0,,images\Sind.png
Skull,Masculin,552,Équipage de Barbe Blanche,Inconnue,Inconnue,0,,images\Skull.png
Sicily,Masculin,504,Marine,South Blue,Inconnue,0,,images\Sicily.png
Shyarly,Féminin,610,Mermaid Café,Grand Line ,520,0,,images\Shyarly.png
Silvers Rayleigh,Masculin,19,Équipage des Pirates Roger,Inconnue,188,0,,images\Silvers_Rayleigh.png
Shu,Masculin,426,Marine,Inconnue,Inconnue,0,Paramecia,
Shishilian,Masculin,808,Principauté de Mokomo,Grand Line ,196,0,,images\Shishilian.png
Shura,Masculin,241,Clan d'Ener,Îles Célestes ,191,0,,images\Shura.png
Shioyaki,Masculin,75,Équipage d'Arlong,Grand Line ,Inconnue,0,,images\Shioyaki.png
Shoujou,Masculin,226,Ligue des Primates,South Blue,351,36000000,,images\Shoujou.png
Shiryu,Masculin,538,Équipage de Barbe Noire,Grand Line,340,0,Paramecia,images\Shiryu.png
Shirahoshi,Féminin,612,Famille Neptune,Grand Line ,1187,0,,images\Shirahoshi.png
Shine,Masculin,214,Marine,Inconnue,Inconnue,0,,images\Shine.png
Shinosuke,Masculin,955,Famille Kozuki,Inconnue,Inconnue,0,,images\Shinosuke.png
Shin Jaiya,Féminin,785,,Inconnue,Inconnue,0,,images\Shin_Jaiya.png
Shin Detamaruka,Féminin,785,,Inconnue,Inconnue,0,,images\Shin_Detamaruka.png
Shinobu,Féminin,921,Famille Kozuki,Grand Line ,180,0,Paramecia,images\Shinobu.png
Shimotsuki Ushimaru,Masculin,953,,Inconnue,Inconnue,0,,images\Shimotsuki_Ushimaru.png
Shimotsuki Yasuie,Masculin,929,,Inconnue,155,0,,images\Shimotsuki_Yasuie.png
Shimotsuki Kozaburo,Masculin,1033,Famille Shimotsuki,Inconnue,Inconnue,0,,images\Shimotsuki_Kozaburo.png
Shimotsuki Ryuma,Masculin,448,Équipage des Pirates Gecko,Grand Line ,179,0,,images\Shimotsuki_Ryuma.png
Shimotsuki Koushirou,Masculin,5,Famille Shimotsuki,East Blue,184,0,,
Shimotsuki Furiko,Féminin,,,Inconnue,Inconnue,0,,images\Shimotsuki_Furiko.png
Shimotsuki Kuina,Féminin,5,Famille Shimotsuki,East Blue ,150,0,,images\Shimotsuki_Kuina.png
Shiki,Masculin,0,Équipage du Lion d'Or,Inconnue,Inconnue,0,Paramecia,images\Shiki.png
Shelly,Féminin,304,Davy Back Fight,Inconnue,Inconnue,0,,images\Shelly.png
Shepherd Ju Peter,Masculin,233,Cinq Doyens,Inconnue,Inconnue,0,,images\Shepherd_Ju_Peter.png
Sharinguru,Masculin,428,Marine,Inconnue,Inconnue,0,Paramecia,images\Sharinguru.png
Sheepshead,Masculin,795,Équipage aux Cent Bêtes,Grand Line,293,0,Zoan,images\Sheepshead.png
Shandia Chief,Masculin,275,Shandias,Îles Célestes ,179,0,,
Shanba,Masculin,524,Royaume Dézoizo,Inconnue,Inconnue,0,,images\Shanba.png
Shanks,Masculin,1,Équipage du Roux,West Blue,132,4048900000,,images\Shanks.png
Shalria,Féminin,497,Gouvernement Mondial,Red Line ,178,0,,
Seto,Masculin,287,Shandias,Inconnue,Inconnue,0,,images\Seto.png
Sham,Masculin,31,Équipage du Chat Noir,East Blue,201,7000000,,images\Sham.png
Shakuyaku,Féminin,498,Kujas,Inconnue,186,0,,images\Shakuyaku.png
Serizawa,Masculin,915,,Inconnue,Inconnue,0,,images\Serizawa.png
Shaka,Masculin,1062,SSG,Inconnue,Inconnue,0,,images\Shaka.png
Shachi,Masculin,498,Équipage du Heart,North Blue,Inconnue,0,,images\Shachi.png
Sentomaru,Masculin,497,Marine,Grand Line,279,0,,images\Sentomaru.png
Sennorikyuru,Masculin,1053,,Inconnue,Inconnue,0,,images\Sennorikyuru.png
Senor Pink,Masculin,702,Équipage de Don Quichotte Doflamingo,North Blue,244,0,Paramecia,images\Senor_Pink.png
Seki,Masculin,908,Levely,Inconnue,Inconnue,0,,images\Seki.png
Seira,Féminin,608,Mermaid Café,Grand Line ,Inconnue,0,,images\Seira.png
Seamars,Masculin,440,Pirates de l'Espace,Inconnue,Inconnue,0,,images\Seamars.png
Sengoku,Masculin,234,Marine,South Blue,278,0,Zoan,images\Sengoku.png
Seagull Guns Nozdon,Masculin,0,Équipage des Pirates Roger,Inconnue,Inconnue,0,,images\Seagull_Guns_Nozdon.png
Scotch,Masculin,595,Équipage aux Cent Bêtes,Inconnue,Inconnue,0,,images\Scotch.png
Scopper Gaban,Masculin,19,Équipage des Pirates Roger,Inconnue,Inconnue,0,,images\Scopper_Gaban.png
Schollzo,Masculin,325,Franky Family,Inconnue,Inconnue,0,,images\Schollzo.png
Sauce,Masculin,906,Levely,Inconnue,Inconnue,0,,images\Sauce.png
Scratchmen Apoo,Masculin,498,Équipage du On-Air,Grand Line,256,350000000,Paramecia,images\Scratchmen_Apoo.png
Scarlett,Féminin,721,Famille Riku,Inconnue,Inconnue,0,,images\Scarlett.png
Yeti Cool Brothers,Masculin,665,Caesar Clown,Grand Line,4250,20000000,,images\Yeti_Cool_Brothers.png
Sarutobi,Masculin,931,Équipage aux Cent Bêtes,Pays des Wa,378,0,,images\Sarutobi.png
Satori,Masculin,241,Clan d'Ener,Îles Célestes ,179,0,,images\Satori.png
Sasaki,Masculin,977,Équipage aux Cent Bêtes,Grand Line,318,472000000,Zoan,images\Sasaki.png
Sarie Nantokanette,Féminin,823,Royaume de Goa,Inconnue,Inconnue,0,,
Sarfunkel,Féminin,620,Gaimon,Inconnue,Inconnue,0,,images\Sarfunkel.png
Sarahebi,Féminin,919,Équipage aux Cent Bêtes,Inconnue,Inconnue,0,Zoan,images\Sarahebi.png
Sapi,Masculin,98,,East Blue,Inconnue,0,,
Sarquiss,Masculin,222,Équipage du New Age,North Blue,228,38000000,,images\Sarquiss.png
Sancrin,Masculin,557,Tribu des Longs-Bras,Inconnue,Inconnue,0,,images\Sancrin.png
Sandayu,Masculin,928,Komurasaki,Inconnue,Inconnue,0,,images\Sandayu.png
Samurai Batts,Masculin,117,,Grand Line,Inconnue,0,,
Samosa,Samosa,908,Levely,Inconnue,Inconnue,0,,images\Samosa.png
Sanjuan Wolf,Masculin,575,Équipage de Barbe Noire,West Blue,Inconnue,0,Paramecia,images\Sanjuan_Wolf.png
Sanji,Masculin,43,Équipage du Chapeau de Paille,North Blue,180,1032000000,,images\Sanji.png
Sam,Masculin,94,Easter Egg,East Blue ,Inconnue,0,,images\Sam.png
Salome,Féminin,516,Kujas,Inconnue,Inconnue,0,,images\Salome.png
Saki,Féminin,940,,Inconnue,Inconnue,0,,images\Saki.png
Saldeath,Masculin,530,Impel Down,Grand Line,218,0,,images\Saldeath.png
Saber,Masculin,552,Équipage des Spade,Inconnue,Inconnue,0,,images\Saber.png
Sadi,Féminin,531,Impel Down,Grand Line,183,0,,images\Sadi.png
Sakazuki,Masculin,397,Marine,North Blue,306,0,Logia,images\Sakazuki.png
Sai,Masculin,704,Flotte de Happou,West Blue ,242,210000000,,images\Sai.png
S-Snake,Féminin,1059,Seraphim,Inconnue,Inconnue,0,Paramecia,images\S-Snake.png
S-Hawk,Masculin,1059,Seraphim,Inconnue,Inconnue,0,Paramecia,images\S-Hawk.png
S-Bear,Masculin,1062,Seraphim,Inconnue,Inconnue,0,Paramecia,images\S-Bear.png
S-Shark,Masculin,1065,Seraphim,Inconnue,Inconnue,0,Paramecia,images\S-Shark.png
Ryuboshi,Masculin,609,Famille Neptune,Grand Line ,544,0,,images\Ryuboshi.png
Sabo,Masculin,583,Armée Révolutionnaire,East Blue ,187,602000000,Logia,images\Sabo.png
Russian,Féminin,775,,Inconnue,Inconnue,0,,images\Russian.png
Rush,Masculin,558,Allié de l'équipage de Barbe Blanche,Inconnue,Inconnue,0,,images\Rush.png
Run,Masculin,679,Caesar Clown,Inconnue,Inconnue,0,,images\Run.png
Roxanne,Féminin,46,,East Blue,Inconnue,0,,images\Roxanne.png
Rowing,Masculin,967,Équipage des Pirates de Roger,Inconnue,Inconnue,0,,images\Rowing.png
Rosward,Masculin,497,Gouvernement Mondial,Red Line ,215,0,,images\Rosward.png
Ross,Masculin,223,Équipage du New Age,Inconnue,Inconnue,0,,
Roshio,Masculin,222,Équipage de Roshio,Inconnue,Inconnue,0,,images\Roshio.png
Roronoa Pinzoro,Masculin,,,Inconnue,Inconnue,0,,images\Roronoa_Pinzoro.png
Roronoa Arashi,Masculin,,,Inconnue,Inconnue,0,,images\Roronoa_Arashi.png
Roronoa Zoro,Masculin,3,Équipage du Chapeau de Paille,East Blue,181,1111000000,,images\Roronoa_Zoro.png
Rolling Logan,Masculin,706,Royaume de Majiatsuka,Inconnue,Inconnue,0,,images\Rolling_Logan.png
Rokki,Masculin,1036,Équipage aux Cent Bêtes,Inconnue,Inconnue,0,,images\Rokki.png
Rokkaku,Masculin,4,Marine,East Blue,Inconnue,0,,images\Rokkaku.png
Roji,Féminin,391,,Inconnue,Inconnue,0,,images\Roji.png
Roddy,Masculin,805,Principauté de Mokomo,Inconnue,Inconnue,0,,images\Roddy.png
Rockstar,Masculin,234,Équipage du Roux,Inconnue,Inconnue,94000000,,images\Rockstar.png
Rocks D. Xebec,Masculin,957,Équipage de Rocks,Inconnue,Inconnue,0,,images\Rocks_D._Xebec.png
Roche,Masculin,391,Archéologue d'Ohara,Inconnue,Inconnue,0,,images\Roche.png
Robson,Masculin,135,Équipage de Wapol,Inconnue,Inconnue,0,,images\Robson.png
Road,Masculin,898,Nouvel Équipage des Géants,Inconnue,Inconnue,0,,images\Road.png
Rivers,Masculin,223,Équipage du New Age,Inconnue,Inconnue,0,,images\Rivers.png
Risky Brothers,Masculin,475,Association des Victimes de Thriller Bark,Inconnue,Inconnue,0,,
Rob Lucci,Masculin,323,CP0,Grand Line,212,0,Zoan,images\Rob_Lucci.png
Risky Brothers,Masculin,451,Association des Victimes de Thriller Bark,Inconnue,Inconnue,0,,
Ririka,Féminin,4,,East Blue,Inconnue,0,,images\Ririka.png
Red King,Masculin,1078,Marine,Inconnue,Inconnue,0,,images\Red_King.png
Reck,Masculin,1038,Équipage de Kid,Inconnue,Inconnue,0,,
Ratel,Masculin,1073,Marine,Inconnue,Inconnue,0,,images\Ratel.png
Rangram,Masculin,966,Équipage des Pirates de Roger,Inconnue,Inconnue,0,,images\Rangram.png
Rebecca,Féminin,704,Dressrosa,Grand Line ,171,0,,images\Rebecca.png
Randolph,Masculin,827,Équipage de Big Mom,Inconnue,Inconnue,0,,images\Randolph.png
Ran,Féminin,516,Kujas,Calm Belt ,Inconnue,0,,images\Ran.png
Ramen,Masculin,823,Flotte de Happou,Inconnue,Inconnue,0,,images\Ramen.png
Ramba,Masculin,551,Subordonné de L'Équipage de Barbe Blanche,Inconnue,Inconnue,0,,images\Ramba.png
Rampo,Masculin,711,Royaume de Tontatta,Inconnue,Inconnue,0,,images\Rampo.png
Rakuyo,Masculin,553,Équipage de Barbe Blanche,South Blue,Inconnue,0,,images\Rakuyo.png
Rakuda,Masculin,929,,Inconnue,Inconnue,0,,images\Rakuda.png
Raki,Féminin,249,Shandias,Îles Célestes ,179,0,,images\Raki.png
Raijin,Masculin,931,Équipage aux Cent Bêtes,Pays des Wa,200,0,,images\Raijin.png
Raideen,Masculin,866,Équipage des Géants,Inconnue,Inconnue,0,,images\Raideen.png
Raizo,Masculin,817,Famille Kozuki,Grand Line ,311,0,Paramecia,images\Raizo.png
Rabbitman,Masculin,916,Équipage aux Cent Bêtes,Inconnue,Inconnue,0,Zoan,images\Rabbitman.png
Quincy,Féminin,1039,Équipage de Kid,Inconnue,Inconnue,0,,images\Quincy.png
Pythagoras,Masculin,1065,SSG,Inconnue,Inconnue,0,,images\Pythagoras.png
Pururu,Féminin,1079,Équipage des Bourrrgeois,Inconnue,Inconnue,0,,
Puppu,Masculin,155,Équipage Pirate,Inconnue,Inconnue,0,,
Queen,Masculin,920,Équipage aux Cent Bêtes,Grand Line,612,1320000000,Zoan,images\Queen.png
Pudding Pudding,Masculin,75,Marine,East Blue,Inconnue,0,,images\Pudding_Pudding.png
Pudos,Masculin,924,,Inconnue,Inconnue,0,,images\Pudos.png
Prometheus,Masculin,827,Équipage de Big Mom,Grand Line,239,0,,images\Prometheus.png
Potsun,Masculin,217,,Inconnue,Inconnue,0,,images\Potsun.png
Potaufeu,Masculin,908,Levely,Inconnue,Inconnue,0,,images\Potaufeu.png
Prince Grus,Masculin,966,Marine,Inconnue,Inconnue,0,Unknown,
Portgas D. Rouge,Féminin,550,Gol D. Roger,Inconnue,Inconnue,0,,images\Portgas_D._Rouge.png
Pound,Masculin,831,Famille Charlotte,Grand Line ,731,0,,images\Pound.png
Poro,Masculin,14,Orange Town,East Blue ,Inconnue,0,,
Porchemy,Masculin,583,Équipage de Bluejam,East Blue ,320,3400000,,images\Porchemy.png
Poppy,Masculin,515,Kujas,Calm Belt ,Inconnue,0,,images\Poppy.png
Poppoko,Masculin,2,Équipage d'Alvida,East Blue,Inconnue,0,,images\Poppoko.png
Portgas D. Ace,Masculin,154,Équipage de Barbe Blanche,South Blue ,103,0,Logia,images\Portgas_D._Ace.png
Pomsky,Masculin,1089,Marine,Inconnue,Inconnue,0,,images\Pomsky.png
Pomp,Masculin,1029,Équipage de Kid,Inconnue,Inconnue,0,,images\Pomp.png
Porche,Féminin,305,Équipage de Foxy,Inconnue,Inconnue,0,,images\Porche.png
Poker,Masculin,997,Équipage aux Cent Bêtes,Inconnue,Inconnue,0,Zoan,images\Poker.png
Pluming,Masculin,1083,Gouvernement Mondial,Inconnue,Inconnue,0,,images\Pluming.png
Pisaro,Masculin,72,Équipage d'Arlong,Grand Line ,Inconnue,0,,images\Pisaro.png
Pinky,Masculin,8,,East Blue,Inconnue,0,,
Piiman,Masculin,23,Équipage du Capitaine Usopp,East Blue ,120,0,,images\Piiman.png
Pike,Masculin,652,Marine,Inconnue,Inconnue,0,,images\Pike.png
Pierre,Masculin,237,Gan Fall,Inconnue,Inconnue,0,Zoan,images\Pierre.png
Petermoo,Masculin,966,Équipage des Pirates de Roger,Inconnue,Inconnue,0,,images\Petermoo.png
Pickles,Masculin,309,Équipage de Foxy,Inconnue,Inconnue,0,,images\Pickles.png
Peterman,Masculin,499,Hound Pets,Inconnue,Inconnue,0,,images\Peterman.png
Pellini,Masculin,711,Royaume de Tontatta,Inconnue,Inconnue,0,,images\Pellini.png
Pica,Masculin,700,Équipage de Don Quichotte Doflamingo,North Blue,470,0,Paramecia,images\Pica.png
Perona,Féminin,443,Dracule Mihawk,West Blue,160,0,Paramecia,images\Perona.png
Penguin,Masculin,498,Équipage du Heart,North Blue,Inconnue,0,,images\Penguin.png
Pell,Masculin,155,Alabasta,Grand Line ,189,0,Zoan,images\Pell.png
Pekkori,Masculin,524,Harahettania,Inconnue,Inconnue,0,,images\Pekkori.png
Pedro,Masculin,805,Principauté de Mokomo,Grand Line ,233,0,,images\Pedro.png
Peachbeard,Masculin,904,Équipage de Barbe Rose,Inconnue,Inconnue,52000000,,
Pavlik,Masculin,553,Équipage de Barbe Blanche,Inconnue,Inconnue,0,,images\Pavlik.png
Peepley Lulu,Masculin,323,Galley-La Company,Grand Line ,206,0,,
Pekoms,Masculin,651,Équipage de Big Mom,Inconnue,232,330000000,Zoan,images\Pekoms.png
Pearl,Masculin,54,Armada Pirate de Don Krieg,East Blue,239,0,,images\Pearl.png
Paulie,Masculin,323,Galley-La Company,Grand Line ,195,0,,images\Paulie.png
Patty,Masculin,44,Baratie,East Blue,204,0,,images\Patty.png
Pascia,Féminin,501,,South Blue,Inconnue,0,,images\Pascia.png
Papas,Masculin,1039,Équipage de Kid,Inconnue,Inconnue,0,,images\Papas.png
Pandawoman,Féminin,517,Easter Egg,Calm Belt ,Inconnue,0,,images\Pandawoman.png
Palms,Masculin,553,His own crew,Inconnue,Inconnue,0,,images\Palms.png
Pappag,Masculin,195,Takoyaki 8,Grand Line ,50,0,,images\Pappag.png
Pandaman,Masculin,44,,Tibet,200,3333333,,images\Pandaman.png
Pagaya,Masculin,239,,Grand Line ,179,0,,images\Pagaya.png
Outlook III,Masculin,585,Royaume de Goa,Inconnue,Inconnue,0,,images\Outlook_III.png
Ossamondo,Masculin,552,Équipage des Spade,Inconnue,Inconnue,0,,images\Ossamondo.png
Page One,Masculin,929,Équipage aux Cent Bêtes,Grand Line,171,290000000,Zoan,images\Page_One.png
Oran,Masculin,391,,Inconnue,Inconnue,0,,images\Oran.png
Orlumbus,Masculin,704,Flotte Yonta Maria,Grand Line ,480,148000000,,images\Orlumbus.png
Otohime,Féminin,621,Famille Neptune,Grand Line ,224,0,,images\Otohime.png
Omasa,Masculin,952,,Inconnue,Inconnue,0,,images\Omasa.png
Oli,Féminin,1076,Équipage du Roux,Inconnue,Inconnue,0,,
Onimaru,Masculin,936,Famille Shimotsuki,Inconnue,428,0,Zoan,images\Onimaru.png
Onigumo,Masculin,420,Marine,Inconnue,Inconnue,0,,images\Onigumo.png
Okome,Masculin,224,Équipage de Hakahoka,Inconnue,Inconnue,0,,images\Okome.png
Octopako,Féminin,203,,Grand Line ,Inconnue,0,,images\Octopako.png
Ochoku,Masculin,957,Équipage de Rocks,Inconnue,Inconnue,0,,images\Ochoku.png
Nure-Onna,Féminin,998,Équipage aux Cent Bêtes,Inconnue,Inconnue,0,Zoan,images\Nure-Onna.png
Nugire Yainu,Masculin,37,Équipage du Chat Noir,East Blue,Inconnue,0,,images\Nugire_Yainu.png
Nubon,Masculin,711,Royaume de Tontatta,Inconnue,Inconnue,0,,images\Nubon.png
Oars,Masculin,456,Équipage des Pirates Gecko,North Blue,Inconnue,0,,images\Oars.png
Nosgarl,Masculin,579,Allié de l'équipage de Barbe Blanche,Inconnue,Inconnue,0,,images\Nosgarl.png
Noriko,Féminin,940,,Inconnue,Inconnue,0,,images\Noriko.png
Nora Gitsune,Masculin,598,Faux Équipage du Chapeau de Paille,East Blue,103,0,,images\Nora_Gitsune.png
Nokotti,Féminin,936,Équipage aux Cent Bêtes,Inconnue,Inconnue,0,,images\Nokotti.png
Noble Croc,Masculin,831,Équipage de Big Mom,Inconnue,Inconnue,0,,
Ninth,Masculin,558,Allié de l'équipage de Barbe Blanche,Inconnue,Inconnue,0,,images\Ninth.png
Ninjin,Masculin,23,Équipage du Capitaine Usopp,East Blue ,127,0,,images\Ninjin.png
Nojiko,Féminin,70,,East Blue,170,0,,images\Nojiko.png
Nerine,Féminin,514,Kujas,Calm Belt ,Inconnue,0,,images\Nerine.png
Neggy,Féminin,906,Levely,Inconnue,Inconnue,0,,images\Neggy.png
Neptune,Masculin,611,Famille Neptune,Grand Line ,1220,0,,images\Neptune.png
Nefertari D. Lili,Féminin,1084,Alabasta,Grand Line ,Inconnue,0,,
Nefertari Titi,Féminin,215,Alabasta,Inconnue,Inconnue,0,,images\Nefertari_Titi.png
Negikuma Maria,Féminin,133,,Grand Line ,Inconnue,0,,images\Negikuma_Maria.png
Nekomamushi,Masculin,809,Principauté de Mokomo,Grand Line ,522,0,,images\Nekomamushi.png
Nefertari Vivi,Féminin,103,Alabasta,Grand Line ,169,0,,images\Nefertari_Vivi.png
Nashi,Masculin,906,Levely,Inconnue,Inconnue,0,,images\Nashi.png
Nangi,Masculin,988,Équipage aux Cent Bêtes,Inconnue,Inconnue,0,,images\Nangi.png
Natto,Masculin,164,Clan des sables,Inconnue,Inconnue,0,,images\Natto.png
Namur,Masculin,552,Équipage de Barbe Blanche,Grand Line,Inconnue,0,,images\Namur.png
Nefertari Cobra,Masculin,142,Alabasta,Grand Line ,182,0,,images\Nefertari_Cobra.png
Napoleon,Masculin,651,Équipage de Big Mom,Inconnue,Inconnue,0,,images\Napoleon.png
Nako,Masculin,77,,East Blue ,Inconnue,0,,
Muret,Féminin,223,Équipage du New Age,Inconnue,Inconnue,0,,
Mummy Mee,Féminin,79,World Government Orphanage,East Blue ,Inconnue,0,,
Mummy,Masculin,706,,Inconnue,Inconnue,0,,images\Mummy.png
Mukkashimi Tower,Masculin,707,,Inconnue,Inconnue,0,,images\Mukkashimi_Tower.png
Mugren,Masculin,966,Équipage des Pirates de Roger,Inconnue,Inconnue,0,,images\Mugren.png
Nami,Féminin,8,Équipage du Chapeau de Paille,East Blue ,170,366000000,,images\Nami.png
Muchana,Masculin,536,Impel Down,Inconnue,Inconnue,0,,
Mr. Shimizu,Masculin,107,Baroque Works,Grand Line,Inconnue,0,,images\Mr._Shimizu.png
Mr. Mellow,Masculin,159,Baroque Works,Inconnue,Inconnue,0,,images\Mr._Mellow.png
Mr. Momora,Masculin,966,Équipage des Pirates de Roger,Inconnue,Inconnue,0,,images\Mr._Momora.png
Mr. Love,Masculin,206,Baroque Works,Inconnue,Inconnue,0,,images\Mr._Love.png
Mr. 12,Masculin,155,Baroque Works,Inconnue,Inconnue,0,,images\Mr._12.png
Mr. Beans,Masculin,106,Baroque Works,Grand Line,Inconnue,0,,images\Mr._Beans.png
Mr. 13,Masculin,105,Baroque Works,Grand Line,Inconnue,0,,images\Mr._13.png
Mr. 7,Masculin,190,Baroque Works,Inconnue,Inconnue,0,,images\Mr._7.png
Mozambia,Masculin,234,Marine,Inconnue,Inconnue,0,,images\Mozambia.png
Mr. 11,Masculin,128,Baroque Works,Grand Line,Inconnue,0,,images\Mr._11.png
Mr. 10,Masculin,155,Baroque Works,Inconnue,Inconnue,0,,images\Mr._10.png
Moyle,Masculin,272,Garde Sacrée,Inconnue,Inconnue,0,,images\Moyle.png
Mr. 6,Masculin,155,Baroque Works,Inconnue,Inconnue,0,,images\Mr._6.png
Mr. 7,Masculin,205,Baroque Works,Inconnue,Inconnue,0,,images\Mr._7.png
Mr. 9,Masculin,103,Baroque Works,Grand Line,Inconnue,0,,images\Mr._9.png
Mousse,Féminin,287,Shandias,Inconnue,Inconnue,0,,images\Mousse.png
Mouseman,Masculin,915,Équipage aux Cent Bêtes,Inconnue,Inconnue,0,Zoan,images\Mouseman.png
Mountain Ricky,Masculin,313,Équipage de Foxy,Inconnue,Inconnue,0,,images\Mountain_Ricky.png
Mosh,Masculin,1038,Équipage de Kid,Inconnue,Inconnue,0,,images\Mosh.png
Mounblutain,Masculin,598,Faux Équipage du Chapeau de Paille,East Blue,294,0,,images\Mounblutain.png
Motzel,Masculin,43,,East Blue,Inconnue,0,,images\Motzel.png
Motobaro,Masculin,494,Rosy Life Riders,Grand Line ,Inconnue,0,,images\Motobaro.png
Mororon,Féminin,905,,Inconnue,Inconnue,0,,images\Mororon.png
Monster,Masculin,1,Équipage du Roux,East Blue,Inconnue,0,,images\Monster.png
Monjiro,Masculin,926,Famille Kozuki,Inconnue,Inconnue,0,,images\Monjiro.png
Monjii,Masculin,807,Principauté de Mokomo,Inconnue,Inconnue,0,,images\Monjii.png
Monkey D. Luffy,Masculin,1,Équipage du Chapeau de Paille,East Blue ,174,3000000000,Zoan,images\Monkey_D._Luffy.png
Monkey D. Dragon,Masculin,100,Armée Révolutionnaire,East Blue ,256,0,,images\Monkey_D._Dragon.png
Monkey D. Garp,Masculin,92,Marine,East Blue ,287,0,,images\Monkey_D._Garp.png
Monet,Féminin,657,Équipage de Don Quichotte Doflamingo,North Blue,227,0,Logia,images\Monet.png
Monda,Masculin,306,Équipage de Foxy,Inconnue,Inconnue,0,,images\Monda.png
Momoo,Masculin,73,Équipage d'Arlong,Grand Line,Inconnue,0,,
Momonga,Masculin,420,Marine,Grand Line,251,0,,images\Momonga.png
Mohji,Masculin,9,Cross Guild,East Blue,197,0,,images\Mohji.png
Moai,Masculin,1040,Équipage de Kid,Inconnue,Inconnue,0,,
Mizuta Mawaritosuki,Masculin,488,Équipage du Rumbar,Inconnue,Inconnue,0,,
Moda,Féminin,278,Armée Révolutionnaire,Inconnue,Inconnue,0,,images\Moda.png
Mocha,Féminin,657,,Grand Line ,692,0,,images\Mocha.png
Mochi,Masculin,274,Skypiea,Inconnue,Inconnue,0,,
Mizuta Madaisuki,Masculin,487,Équipage du Rumbar,Inconnue,Inconnue,0,,images\Mizuta_Madaisuki.png
Mizuira,Féminin,391,Ohara,Inconnue,Inconnue,0,,images\Mizuira.png
MocDonald,Masculin,445,Équipage des Pirates Gecko,Inconnue,Inconnue,0,,images\MocDonald.png
Mizerka,Féminin,978,,Inconnue,Inconnue,0,Zoan,images\Mizerka.png
Miyagi,Masculin,807,Principauté de Mokomo,Inconnue,Inconnue,0,,images\Miyagi.png
Miss Tuesday,Féminin,155,Baroque Works,Inconnue,Inconnue,0,,images\Miss_Tuesday.png
Miss Thursday,Féminin,155,Baroque Works,Inconnue,Inconnue,0,,images\Miss_Thursday.png
Miss Saturday,Féminin,155,Baroque Works,Inconnue,Inconnue,0,,images\Miss_Saturday.png
Miss Mother's Day,Féminin,155,Baroque Works,Inconnue,Inconnue,0,,images\Miss_Mother's_Day.png
Miss Friday,Féminin,105,Baroque Works,Grand Line,Inconnue,0,,images\Miss_Friday.png
Miss Monday,Féminin,107,Baroque Works,Grand Line,Inconnue,0,,images\Miss_Monday.png
Miss Father's Day,Féminin,205,Baroque Works,Inconnue,Inconnue,0,,images\Miss_Father's_Day.png
Miss Catherina,Féminin,106,Baroque Works,East Blue,Inconnue,0,,
Misery,Féminin,1039,Équipage de Big Mom,Inconnue,Inconnue,0,,images\Misery.png
Minozebra,Masculin,533,Impel Down,Inconnue,Inconnue,0,,images\Minozebra.png
Minotaurus,Masculin,525,Impel Down,Inconnue,Inconnue,0,,images\Minotaurus.png
Minoruba,Masculin,498,Chasseur de primes,Inconnue,Inconnue,0,,images\Minoruba.png
Minokoala,Masculin,531,Impel Down,Inconnue,Inconnue,0,,images\Minokoala.png
Minorhinoceros,Masculin,532,Impel Down,Inconnue,Inconnue,0,,
Millet Pine,Masculin,966,Équipage des Pirates de Roger,Inconnue,Inconnue,0,,images\Millet_Pine.png
Minochihuahua,Masculin,662,Impel Down,Inconnue,Inconnue,0,,images\Minochihuahua.png
Ministre de la Droite,Masculin,612,Royaume Ryugu,Grand Line ,313,0,,images\Ministre_de_la_Droite.png
Milo,Masculin,717,,Inconnue,Inconnue,0,,images\Milo.png
Ministre de la Gauche,Masculin,612,Royaume Ryugu,Grand Line ,435,0,,images\Ministre_de_la_Gauche.png
Milky,Féminin,807,Principauté de Mokomo,Inconnue,Inconnue,0,,images\Milky.png
Minatomo,Masculin,909,,Inconnue,Inconnue,0,,images\Minatomo.png
Mikita,Féminin,110,Baroque Works,West Blue,177,7500000,Paramecia,images\Mikita.png
Mikazuki,Masculin,323,Équipage des Gros Casques,Inconnue,Inconnue,36000000,,images\Mikazuki.png
MAX Marx,Masculin,966,Équipage des Pirates de Roger,Inconnue,Inconnue,0,,
Maujii,Masculin,755,Royaume de Tontatta,Inconnue,Inconnue,0,,images\Maujii.png
Matsuge,Masculin,162,"Super Spot-Billed Duck Troops, Straw Hat Pirates (temporary)",Grand Line ,190,0,,
Mayushika,Masculin,269,Shandias,Inconnue,Inconnue,0,,images\Mayushika.png
Matryo Princesses,Féminin,905,,Inconnue,Inconnue,0,,
Maynard,Masculin,705,Marine,Inconnue,Inconnue,0,,images\Maynard.png
Master of the Waters,Masculin,319,None,Inconnue,Inconnue,0,,
Master,Masculin,233,,Inconnue,Inconnue,0,,
Massui,Masculin,911,Équipage aux Cent Bêtes,Inconnue,Inconnue,0,,images\Massui.png
Masked Deuce,Masculin,552,Équipage des Spade,Inconnue,Inconnue,0,,images\Masked_Deuce.png
Marumieta,Féminin,436,,Inconnue,Inconnue,0,,images\Marumieta.png
Masira,Masculin,219,Saruyama Alliance,North Blue,345,23000000,,images\Masira.png
Mario,Masculin,701,,Inconnue,Inconnue,0,,images\Mario.png
Marie,Féminin,499,Saint Charlos,Grand Line,Inconnue,0,,images\Marie.png
Marin,Masculin,500,,Grand Line ,Inconnue,0,,images\Marin.png
Maria Napole,Féminin,649,L'Île des Hommes-Poissons,Grand Line ,Inconnue,0,,images\Maria_Napole.png
Marilyn,Féminin,300,Île des Hommes-Poissons,Inconnue,Inconnue,0,,images\Marilyn.png
Mari,Masculin,906,Levely,Inconnue,Inconnue,0,,images\Mari.png
Marianne,Féminin,117,Baroque Works,North Blue,145,29000000,,images\Marianne.png
Marshall D. Teach,Masculin,223,Équipage de Barbe Noire,Grand Line,344,3996000000,Logia,images\Marshall_D._Teach.png
Margarita,Féminin,483,Île des Hommes-Poissons,Inconnue,Inconnue,0,,images\Margarita.png
Mashikaku,Masculin,98,Marine,East Blue,Inconnue,0,,images\Mashikaku.png
Marguerite,Féminin,514,Kujas,Calm Belt ,178,0,,images\Marguerite.png
Marco,Masculin,234,Équipage de Barbe Blanche (Anciennement),Grand Line,203,1374000000,Zoan,images\Marco.png
Marcus Mars,Masculin,233,Cinq Doyens,Inconnue,Inconnue,0,,images\Marcus_Mars.png
Mansherry,Féminin,717,Royaume de Tontatta,Grand Line ,20,0,Paramecia,images\Mansherry.png
Manjaro,Masculin,598,Faux Équipage du Chapeau de Paille,East Blue,202,0,,images\Manjaro.png
Mani,Féminin,223,Équipage du New Age,Inconnue,Inconnue,0,,images\Mani.png
Makko,Masculin,216,Marine,Inconnue,Inconnue,0,,images\Makko.png
Manboshi,Masculin,609,Famille Neptune,Grand Line ,473,0,,images\Manboshi.png
Maki,Féminin,925,Équipage de Barbe Noire,Inconnue,Inconnue,0,,images\Maki.png
Maha,Masculin,929,CP0,Inconnue,Inconnue,0,,images\Maha.png
Makino,Féminin,1,Village de Fuchsia,East Blue ,166,0,,images\Makino.png
Magra,Masculin,582,Famille Dadan,East Blue,Inconnue,0,,images\Magra.png
Maidy,Féminin,215,Alabasta,Inconnue,Inconnue,0,,images\Maidy.png
Madilloman,Masculin,939,Équipage aux Cent Bêtes,Inconnue,Inconnue,0,Zoan,images\Madilloman.png
Macro,Masculin,437,Spaceys,Inconnue,Inconnue,0,,images\Macro.png
Macro,Masculin,197,Équipage des Maquereaux,Grand Line ,Inconnue,0,,images\Macro.png
Lulis,Féminin,608,Mermaid Café,Grand Line ,Inconnue,0,,images\Lulis.png
Lu Feld,Masculin,860,Pègre,Inconnue,Inconnue,0,,images\Lu_Feld.png
Magellan,Masculin,528,Impel Down,Grand Line,491,0,Paramecia,images\Magellan.png
Machvise,Masculin,682,Équipage de Don Quichotte Doflamingo,North Blue,440,0,Paramecia,images\Machvise.png
Lucky Roux,Masculin,1,Équipage du Roux,South Blue,241,0,,images\Lucky_Roux.png
Lord of the Coast,Masculin,1,,East Blue,Inconnue,0,,images\Lord_of_the_Coast.png
Lonz,Masculin,550,Marine,Inconnue,Inconnue,0,,images\Lonz.png
Lola,Féminin,451,Équipage des Pirates Gecko,Inconnue,Inconnue,0,,images\Lola.png
Loki,Masculin,858,,Grand Line,Inconnue,0,,images\Loki.png
Lines,Masculin,44,,East Blue,Inconnue,0,,images\Lines.png
Little Oars Jr.,Masculin,554,Subordonné de L'Équipage de Barbe Blanche,Grand Line,Inconnue,550000000,,images\Little_Oars_Jr..png
Lionbuta,Masculin,22,Animals of the Island of Rare Animals,Inconnue,Inconnue,0,,
Lip Doughty,Masculin,600,Faux Équipage du Chapeau de Paille,Inconnue,Inconnue,0,,images\Lip_Doughty.png
Linaria,Féminin,1079,Équipage des papillons de nuit,Inconnue,Inconnue,0,,images\Linaria.png
Limejuice,Masculin,1,Équipage du Roux,Inconnue,Inconnue,0,,images\Limejuice.png
Lily,Féminin,223,Équipage du New Age,Inconnue,Inconnue,0,,images\Lily.png
Lindbergh,Masculin,904,Armée Révolutionnaire,Inconnue,149,316000000,,images\Lindbergh.png
Lilith,Féminin,1061,SSG,Inconnue,Inconnue,0,,images\Lilith.png
Laskey,Masculin,392,CP9 (Anciennement),Inconnue,Inconnue,0,,images\Laskey.png
Leo,Masculin,710,Royaume de Tontatta,Grand Line ,23,0,Paramecia,images\Leo.png
Lassoo,Masculin,160,Baroque Works,Inconnue,Inconnue,0,Zoan,images\Lassoo.png
Lemoncheese,Féminin,906,Levely,Inconnue,Inconnue,0,,images\Lemoncheese.png
Leonero,Masculin,552,Équipage des Spade,Inconnue,Inconnue,0,,images\Leonero.png
Lady Tree,Féminin,873,,Inconnue,Inconnue,0,,images\Lady_Tree.png
Lao G,Masculin,682,Équipage de Don Quichotte Doflamingo,North Blue,157,0,,images\Lao_G.png
Kyukyu,Masculin,334,,Inconnue,Inconnue,0,,images\Kyukyu.png
Lacroix,Masculin,550,Marine,Inconnue,Inconnue,0,,images\Lacroix.png
Laboon,Masculin,102,Équipage du Rumbar,West Blue,Inconnue,0,,images\Laboon.png
Lacuba,Masculin,501,N/A,Grand Line,Inconnue,17000000,,images\Lacuba.png
Kyuji,Masculin,302,Marine,Inconnue,Inconnue,0,,images\Kyuji.png
Laffitte,Masculin,234,Équipage de Barbe Noire,West Blue,340,0,,images\Laffitte.png
Kunyun,Féminin,1020,Équipage aux Cent Bêtes,Inconnue,Inconnue,0,,images\Kunyun.png
Kyuin,Féminin,755,Équipage de Don Quichotte Doflamingo,Inconnue,Inconnue,0,,images\Kyuin.png
Kurozumi Semimaru,Masculin,965,Famille Kurozumi,Inconnue,Inconnue,0,Paramecia,images\Kurozumi_Semimaru.png
Kurozumi Orochi,Masculin,927,Famille Kurozumi,Grand Line ,350,0,Zoan,images\Kurozumi_Orochi.png
Kurozumi Tama,Féminin,911,Famille Kurozumi,Inconnue,108,0,Paramecia,images\Kurozumi_Tama.png
Kyros,Masculin,702,Colisée Corrida,Grand Line ,298,0,,images\Kyros.png
Kureha,Féminin,134,Royaume des Cerisiers,Grand Line ,188,0,,images\Kureha.png
Kuzan,Masculin,303,Équipage de Barbe Noire,South Blue,298,0,Logia,images\Kuzan.png
Kuni,Masculin,927,Famille Kyoshiro,Inconnue,Inconnue,0,,images\Kuni.png
Kumashi,Masculin,449,Perona,Inconnue,Inconnue,0,,
Kumadori Yamanbako,Féminin,,Kumadori,Inconnue,Inconnue,0,,images\Kumadori_Yamanbako.png
Kumagoro,Masculin,929,,Inconnue,Inconnue,0,,images\Kumagoro.png
Kukai,Masculin,552,Équipage des Spade,Inconnue,Inconnue,0,,images\Kukai.png
Kumadori,Masculin,375,CP0,South Blue,338,0,,images\Kumadori.png
Kujaku,Féminin,966,Marine,Inconnue,Inconnue,0,Paramecia,images\Kujaku.png
Krieg,Masculin,45,Armada Pirate de Don Krieg,East Blue,243,17000000,,images\Krieg.png
Kozuki Toki,Féminin,919,Famille Kozuki,Inconnue,190,0,Paramecia,images\Kozuki_Toki.png
Kozuki Sukiyaki,Masculin,911,Famille Kozuki,Inconnue,214,0,,images\Kozuki_Sukiyaki.png
Kozuki Oden,Masculin,920,Famille Kozuki,Grand Line ,382,0,,images\Kozuki_Oden.png
Kozuki Momonosuke,Masculin,684,Famille Kozuki,Grand Line ,110,0,Zoan,images\Kozuki_Momonosuke.png
Koze and Packy,Masculin,96,Équipage des Pirates Yes,East Blue,Inconnue,0,,
Kozuki Hiyori,Féminin,909,Famille Kozuki,Grand Line ,170,0,,images\Kozuki_Hiyori.png
Koza,Masculin,163,Alabasta,Grand Line ,177,0,,images\Koza.png
Kop,Masculin,325,Franky Family,Inconnue,Inconnue,0,,images\Kop.png
Konbu,Masculin,657,,Inconnue,Inconnue,0,,images\Konbu.png
Komane,Féminin,903,Royaume de Lulusia,Inconnue,Inconnue,0,,images\Komane.png
Kong,Masculin,511,Gouvernement Mondial,Inconnue,Inconnue,0,,images\Kong.png
Kokoro,Féminin,322,Tom's Workers,Grand Line ,168,0,,images\Kokoro.png
Kojuro,Masculin,926,Famille Kozuki,Inconnue,Inconnue,0,,images\Kojuro.png
Koito,Féminin,930,,Inconnue,Inconnue,0,,images\Koito.png
Koda,Féminin,285,Marine,Inconnue,Inconnue,0,,images\Koda.png
Koby,Masculin,2,Marine,East Blue,167,0,,images\Koby.png
Kobe,Masculin,929,,Inconnue,Inconnue,0,,
Koala,Féminin,622,Armée Révolutionnaire,Inconnue,160,0,,images\Koala.png
Mozu and Kiwi,Féminin,329,Franky Family,Grand Line ,187,0,,
Kitton,Masculin,523,,Inconnue,Inconnue,0,,images\Kitton.png
Kisegawa,Féminin,929,,Inconnue,Inconnue,0,,images\Kisegawa.png
Kirintauros,Masculin,658,Caesar Clown,Inconnue,Inconnue,0,,images\Kirintauros.png
Kibin,Masculin,594,Marine,Inconnue,Inconnue,0,,images\Kibin.png
Kibagaeru,Masculin,306,Équipage de Foxy,Inconnue,Inconnue,0,,images\Kibagaeru.png
Kechatch,Masculin,553,Équipage de Barbe Blanche,Inconnue,Inconnue,0,,images\Kechatch.png
Kaya,Féminin,23,,East Blue ,169,0,,images\Kaya.png
Keith,Masculin,809,Principauté de Mokomo,Inconnue,Inconnue,0,,images\Keith.png
Kazekage,Masculin,931,Équipage aux Cent Bêtes,Pays des Wa,192,0,,images\Kazekage.png
Kebi,Masculin,164,Alabasta,Inconnue,Inconnue,0,,images\Kebi.png
Kelly Funk,Masculin,704,Royaume de Mogalo,Grand Line ,168,57000000,Paramecia,images\Kelly_Funk.png
Kawamatsu,Masculin,920,Famille Kozuki,Inconnue,271,0,,images\Kawamatsu.png
Katsuzo,Masculin,960,,Inconnue,Inconnue,0,,images\Katsuzo.png
Kasa,Féminin,594,Île de Raijin,Inconnue,Inconnue,0,,images\Kasa.png
Kasagoba,Masculin,607,Équipage des Nouveaux Hommes-Poissons,Grand Line ,Inconnue,0,,images\Kasagoba.png
Kashii,Masculin,377,Équipage des Géants,Grand Line ,1700,0,,images\Kashii.png
Kappa,Masculin,167,,Inconnue,Inconnue,0,,images\Kappa.png
Karoo,Masculin,109,Alabasta,Grand Line ,150,0,,images\Karoo.png
Kanezenny,Féminin,398,,Inconnue,Inconnue,0,,images\Kanezenny.png
Kaneshiro,Masculin,72,Équipage d'Arlong,Grand Line ,Inconnue,0,,images\Kaneshiro.png
Karma,Masculin,553,Allié de L'Équipage de Barbe Blanche,Inconnue,Inconnue,0,,images\Karma.png
Kamijiro,Masculin,914,Équipage aux Cent Bêtes,Inconnue,Inconnue,0,,images\Kamijiro.png
Karasu,Masculin,593,Armée Révolutionnaire,North Blue,265,400000000,Logia,images\Karasu.png
Kamekichi,Masculin,926,,Inconnue,Inconnue,0,,images\Kamekichi.png
Kamakiri,Masculin,249,Shandias,Îles Célestes ,214,0,,images\Kamakiri.png
Kalgara,Masculin,286,Shandias,Grand Line,222,0,,images\Kalgara.png
Kakunoshin,Masculin,926,Famille Kozuki,Inconnue,Inconnue,0,,images\Kakunoshin.png
Kakukaku,Masculin,334,,Inconnue,Inconnue,0,,images\Kakukaku.png
Kaku,Masculin,927,Famille Kyoshiro,Inconnue,Inconnue,0,,images\Kaku.png
Kalifa,Féminin,323,CP0,Grand Line,185,0,Paramecia,images\Kalifa.png
Kaku,Masculin,323,CP0,East Blue,193,0,Zoan,images\Kaku.png
Kairiken,Masculin,498,Chasseur de primes,Inconnue,Inconnue,0,,images\Kairiken.png
Kairen,Féminin,608,Mermaid Café,Grand Line ,Inconnue,0,,images\Kairen.png
Kagikko,Masculin,64,Armada Pirate de Don Krieg,East Blue,Inconnue,0,,images\Kagikko.png
Kairo Kureyo,Masculin,535,,Inconnue,Inconnue,0,,images\Kairo_Kureyo.png
Kagero,Masculin,920,Famille Kozuki,Inconnue,Inconnue,0,,images\Kagero.png
Kaidou,Masculin,795,Équipage aux Cent Bêtes,Grand Line,710,4611100000,Zoan,images\Kaidou.png
Junan,Masculin,611,Criminel,Grand Line ,Inconnue,0,,images\Junan.png
Kadar,Masculin,622,Marine,Inconnue,Inconnue,0,,images\Kadar.png
Julius,Masculin,578,Allié de l'équipage de Barbe Blanche,Inconnue,Inconnue,0,,images\Julius.png
Juki,Masculin,977,Équipage aux Cent Bêtes,Inconnue,Inconnue,0,,images\Juki.png
Jujiro,Masculin,926,Famille Kozuki,Inconnue,Inconnue,0,,images\Jujiro.png
Judy,Masculin,499,Marie,Grand Line,Inconnue,0,,images\Judy.png
Kabu,Masculin,710,Royaume de Tontatta,Inconnue,Inconnue,0,Zoan,images\Kabu.png
Joy Boy,Masculin,628,,Great Kingdom,Inconnue,0,Zoan,images\Joy_Boy.png
Jorge,Masculin,353,Gouvernement Mondial,Inconnue,Inconnue,0,,images\Jorge.png
John Giant,Masculin,96,Marine,Inconnue,Inconnue,0,,images\John_Giant.png
Joseph,Masculin,705,CP0,Inconnue,Inconnue,0,,images\Joseph.png
Jozu,Masculin,234,Équipage de Barbe Blanche,West Blue,503,0,Paramecia,images\Jozu.png
Jorul,Masculin,866,Équipage des Géants,Grand Line ,2150,0,,images\Jorul.png
Johnny,Masculin,42,Yosaku,East Blue,186,0,,images\Johnny.png
John,Masculin,450,Équipage de Rocks,Inconnue,Inconnue,0,,images\John.png
Jigra,Masculin,860,Pègre,Inconnue,Inconnue,0,,images\Jigra.png
Jobo,Masculin,232,,Inconnue,Inconnue,0,,images\Jobo.png
Jiron,Masculin,1082,Armée Révolutionnaire,Inconnue,Inconnue,0,,images\Jiron.png
Jo,Masculin,948,Alliance des Ninjas-Pirates-Minks-Samouraïs,Inconnue,Inconnue,0,,
Jizo,Masculin,951,Équipage aux Cent Bêtes,Inconnue,Inconnue,0,,images\Jizo.png
Jinbe,Masculin,528,Équipage du Chapeau de Paille,Grand Line ,301,1100000000,,images\Jinbe.png
Jigoku Benten,Féminin,931,Équipage aux Cent Bêtes,Pays des Wa,225,0,,images\Jigoku_Benten.png
Jibuemon,Masculin,920,Famille Kozuki,Inconnue,Inconnue,0,,images\Jibuemon.png
Jigoro,Masculin,452,Équipage des Pirates Gecko,West Blue,238,0,,images\Jigoro.png
Jero,Masculin,680,Marine,Inconnue,Inconnue,0,,images\Jero.png
Jewelry Bonney,Féminin,498,Équipage de Bonney,Red Line ,174,320000000,Paramecia,images\Jewelry_Bonney.png
Jesus Burgess,Masculin,222,Équipage de Barbe Noire,Grand Line,355,0,Paramecia,images\Jesus_Burgess.png
Jerry,Masculin,362,CP6,South Blue ,676,0,,images\Jerry.png
Jeet,Masculin,704,Grande Flotte du Chapeau de Paille,Inconnue,Inconnue,0,,images\Jeet.png
Jeep,Masculin,906,Levely,Inconnue,Inconnue,0,,images\Jeep.png
Jean Goen,Masculin,526,,Grand Line,Inconnue,0,,images\Jean_Goen.png
Jean Ango,Masculin,706,,Inconnue,Inconnue,0,,images\Jean_Ango.png
Jarul,Masculin,866,Équipage des Géants,Grand Line ,2050,0,,images\Jarul.png
Jean Bart,Masculin,497,Équipage du Heart,Inconnue,Inconnue,0,,images\Jean_Bart.png
Jalmack,Masculin,588,Gouvernement Mondial,Inconnue,Inconnue,0,,images\Jalmack.png
Jaki,Masculin,954,Équipage aux Cent Bêtes,Inconnue,Inconnue,0,,images\Jaki.png
Jaygarcia Saturn,Masculin,233,Cinq Doyens,Inconnue,Inconnue,0,,images\Jaygarcia_Saturn.png
Jango,Masculin,25,Marine,East Blue,207,0,,images\Jango.png
Jaguar,Masculin,1039,Équipage de Kid,Inconnue,Inconnue,0,,
Jacksonbanner,Masculin,967,Équipage des Pirates de Roger,Inconnue,Inconnue,0,,images\Jacksonbanner.png
Jaguar D. Saul,Masculin,392,Marine (Anciennement),South Blue,1950,0,,images\Jaguar_D._Saul.png
Iyan'eno Chinode,Féminin,1074,World Economy News Paper,Inconnue,Inconnue,0,,
Iwatobi,Masculin,823,Levely,Inconnue,Inconnue,0,,images\Iwatobi.png
Jack,Masculin,801,Équipage aux Cent Bêtes,Grand Line,830,1000000000,Zoan,images\Jack.png
Jabra,Masculin,375,CP0,North Blue,212,0,Zoan,images\Jabra.png
Itomimizu,Masculin,306,Équipage de Foxy,Inconnue,Inconnue,0,,
Izou,Masculin,553,Équipage de Barbe Blanche (Anciennement),Grand Line ,192,0,,images\Izou.png
Islewan,Masculin,553,Équipage de Barbe Blanche,Inconnue,Inconnue,0,,images\Islewan.png
Island Eater,Masculin,128,,Grand Line,Inconnue,0,,
Ishilly,Féminin,608,Mermaid Café,Grand Line ,Inconnue,0,,images\Ishilly.png
Ishigo Shitemanna,Masculin,325,,Inconnue,Inconnue,0,,images\Ishigo_Shitemanna.png
Issho,Masculin,701,Marine,Grand Line,270,0,Paramecia,images\Issho.png
Isa,Féminin,256,Shandias,Inconnue,Inconnue,0,,images\Isa.png
Ipponume,Féminin,97,Loguetown Arms Shop,East Blue,Inconnue,0,,images\Ipponume.png
Ipponmatsu,Masculin,97,Loguetown Arms Shop,East Blue ,157,0,,
Inuppe,Masculin,451,Thriller Bark,Inconnue,Inconnue,0,,images\Inuppe.png
Inbi,Masculin,954,Équipage aux Cent Bêtes,Inconnue,Inconnue,0,,images\Inbi.png
Imu,Féminin,906,Gouvernement Mondial,Inconnue,Inconnue,0,,images\Imu.png
Ikkaku,Féminin,810,Équipage du Heart,Inconnue,Inconnue,0,,images\Ikkaku.png
Inazuma,Masculin,536,Kedétrav,South Blue,228,0,Paramecia,images\Inazuma.png
Ikaros Much,Masculin,611,Équipage des Nouveaux Hommes-Poissons,Grand Line ,499,0,,images\Ikaros_Much.png
Ideaman,Masculin,55,Armada Pirate de Don Krieg,East Blue,Inconnue,0,,images\Ideaman.png
Igaram,Masculin,106,Alabasta,Grand Line ,218,0,,images\Igaram.png
Ideo,Masculin,706,Grande Flotte du Chapeau de Paille,Grand Line,225,0,,images\Ideo.png
Ibiributsu,Masculin,926,Équipage aux Cent Bêtes,Inconnue,Inconnue,0,,images\Ibiributsu.png
Medaka Mermaid Quintuplets,Féminin,608,Neutral,Grand Line ,Inconnue,0,,
Iceburg,Masculin,323,Galley-La Company,Grand Line ,199,0,,images\Iceburg.png
Hyoutauros,Masculin,658,Caesar Clown,Inconnue,Inconnue,0,,images\Hyoutauros.png
Hustle,Masculin,60,Armada Pirate de Don Krieg,East Blue,Inconnue,0,,images\Hustle.png
Hyouzou,Masculin,607,Équipage des Nouveaux Hommes-Poissons,Grand Line ,327,0,,images\Hyouzou.png
Hublot,Masculin,552,Équipage des Spade,Inconnue,Inconnue,0,,images\Hublot.png
Humphrey,Masculin,598,Chasseur de primes,Inconnue,Inconnue,0,,images\Humphrey.png
House,Féminin,1038,Équipage de Kid,Inconnue,Inconnue,0,,images\House.png
Hyogoro,Masculin,926,,Inconnue,100,0,,images\Hyogoro.png
Hound,Masculin,1078,Marine,Inconnue,Inconnue,0,,images\Hound.png
Hototogisu,Féminin,766,Marine,Inconnue,Inconnue,0,,
Hotori and Kotori,Masculin,261,Clan d'Ener,Îles Célestes ,179,0,,
Hotei,Masculin,951,Équipage aux Cent Bêtes,Inconnue,Inconnue,0,,images\Hotei.png
Hop,Féminin,1040,Équipage de Kid,Inconnue,Inconnue,0,,images\Hop.png
Honner,Masculin,287,,Lvneel Kingdom,Inconnue,0,,images\Honner.png
Hongo,Masculin,1,Équipage du Roux,Inconnue,Inconnue,0,,images\Hongo.png
Holy,Masculin,241,Clan d'Ener,Inconnue,Inconnue,0,,images\Holy.png
Michael and Hoichael,Masculin,432,Water Seven,Inconnue,Inconnue,0,,
Hoe,Masculin,611,Rois Neptune,Inconnue,Inconnue,0,,images\Hoe.png
Hocha,Masculin,391,Archéologue d'Ohara,Inconnue,Inconnue,0,,images\Hocha.png
Hocker,Masculin,12,Chouchou,East Blue ,Inconnue,0,,
Holed'em,Masculin,915,Équipage aux Cent Bêtes,Pays des Wa,312,0,Zoan,
Ho,Masculin,213,Alabasta,Inconnue,Inconnue,0,,
Hitsugisukan,Masculin,963,Principauté de Mokomo,Inconnue,Inconnue,0,,
Hody Jones,Masculin,608,Équipage des Nouveaux Hommes-Poissons,Grand Line ,331,0,,images\Hody_Jones.png
Hiroshi,Masculin,915,,Inconnue,Inconnue,0,,images\Hiroshi.png
Hippo Gentleman,Masculin,451,Équipage des Pirates Gecko,Inconnue,Inconnue,0,,
Hiramera,Féminin,608,Mermaid Café,Grand Line ,Inconnue,0,,images\Hiramera.png
Hip,Féminin,1038,Équipage de Kid,Inconnue,Inconnue,0,,images\Hip.png
Hinokizu,Masculin,1056,,Inconnue,Inconnue,0,,
Hiriluk,Masculin,141,,Grand Line ,213,0,,
Hildon,Masculin,444,Équipage des Pirates Gecko,Inconnue,Inconnue,0,,images\Hildon.png
Hina,Féminin,171,Marine,West Blue,181,0,Paramecia,images\Hina.png
Hidayu,Masculin,926,Famille Kozuki,Inconnue,Inconnue,0,,images\Hidayu.png
Hibari,Féminin,1061,Marine,Inconnue,Inconnue,0,,images\Hibari.png
Hewitt,Masculin,223,Équipage du New Age,Inconnue,Inconnue,0,,images\Hewitt.png
Herb,Féminin,287,Shandias,Inconnue,Inconnue,0,,images\Herb.png
Hera,Féminin,1011,Équipage de Big Mom,Inconnue,Inconnue,0,,images\Hera.png
Heracles,Masculin,524,,South Blue,214,0,,images\Heracles.png
Higuma,Masculin,1,Bandit,East Blue,190,0,,images\Higuma.png
Hera,Masculin,703,Colisée Corrida,Inconnue,Inconnue,0,,images\Hera.png
Haruta,Masculin,553,Équipage de Barbe Blanche,South Blue,Inconnue,0,,images\Haruta.png
Hasami,Masculin,176,Ukkari Hot-Spring Island,Inconnue,Inconnue,0,,
Haritsu Kendiyo,Masculin,594,,Inconnue,Inconnue,0,,images\Haritsu_Kendiyo.png
Harisenbon,Masculin,617,Équipage des Nouveaux Hommes-Poissons,Grand Line ,Inconnue,0,,images\Harisenbon.png
Haredas,Masculin,523,,Îles Célestes ,253,0,,images\Haredas.png
Hara,Masculin,919,,Inconnue,Inconnue,0,,images\Hara.png
Happygun,Masculin,578,Équipage de Barbe Blanche,Inconnue,Inconnue,0,,images\Happygun.png
Happa Yamao,Masculin,341,,Inconnue,Inconnue,0,,images\Happa_Yamao.png
Hanji,Masculin,949,Alliance des Ninjas-Pirates-Minks-Samouraïs,Inconnue,Inconnue,0,,images\Hanji.png
Hanji,Masculin,929,,Inconnue,Inconnue,0,,images\Hanji.png
Hanger,Masculin,97,Robecca Hanberg,East Blue,Inconnue,0,,images\Hanger.png
Hanko,Masculin,940,,Inconnue,Inconnue,0,,images\Hanko.png
Hana,Féminin,971,,Inconnue,Inconnue,0,,images\Hana.png
Hannyabal,Masculin,525,Impel Down,South Blue,309,0,,images\Hannyabal.png
Hangan,Masculin,556,Allié de l'équipage de Barbe Blanche,Inconnue,Inconnue,0,,images\Hangan.png
Hammond,Masculin,607,Équipage des Nouveaux Hommes-Poissons,Grand Line ,Inconnue,0,,images\Hammond.png
Hamlet,Masculin,994,Équipage aux Cent Bêtes,Inconnue,Inconnue,0,Zoan,images\Hamlet.png
Ham Burger,Masculin,823,,Inconnue,Inconnue,0,,images\Ham_Burger.png
Hakugan,Masculin,810,Équipage du Heart,Inconnue,Inconnue,0,,images\Hakugan.png
Hakowan,Masculin,245,Royaume maléfique de Black Drum,Inconnue,Inconnue,0,,images\Hakowan.png
Hamburg,Masculin,305,Équipage de Foxy,Inconnue,Inconnue,0,,images\Hamburg.png
Hack,Masculin,391,Archéologue d'Ohara,Inconnue,Inconnue,0,,images\Hack.png
Hajrudin,Masculin,706,Nouvel Équipage des Géants,Grand Line ,2200,0,,images\Hajrudin.png
Gyro,Masculin,611,Équipage des Nouveaux Hommes-Poissons,Inconnue,Inconnue,73000000,,images\Gyro.png
Gyoru,Masculin,1,,East Blue ,Inconnue,0,,images\Gyoru.png
Gyogyo,Masculin,498,Équipage de Bonney,South Blue,Inconnue,0,,images\Gyogyo.png
Hack,Masculin,706,Armée Révolutionnaire,Grand Line ,280,0,,images\Hack.png
Gyaro,Masculin,197,Équipage des Maquereaux,Grand Line ,Inconnue,0,,images\Gyaro.png
Great Michael,Masculin,563,Allié de l'équipage de Barbe Blanche,Inconnue,Inconnue,0,,images\Great_Michael.png
Guillotine,Masculin,1078,Marine,Inconnue,Inconnue,0,,images\Guillotine.png
Gram,Féminin,391,Archéologue d'Ohara,Inconnue,Inconnue,0,,images\Gram.png
Grabar,Féminin,717,Royaume de Tontatta,Inconnue,Inconnue,0,,images\Grabar.png
Gorobe,Masculin,924,,Inconnue,Inconnue,0,,images\Gorobe.png
Goro,Masculin,316,Ukkari Hot-Spring Island,Inconnue,Inconnue,0,,images\Goro.png
Gorilla,Masculin,596,Marine,Inconnue,Inconnue,0,,images\Gorilla.png
Goo,Masculin,483,Équipage Pirate,Inconnue,Inconnue,0,,images\Goo.png
Gotti,Masculin,825,Équipage du Fire Tank,West Blue,375,90000000,,images\Gotti.png
Gonbe,Masculin,322,Chimney,Inconnue,Inconnue,0,,images\Gonbe.png
Gomorrah,Masculin,366,Franky Family,Inconnue,Inconnue,0,,
Goldfish Princess,Féminin,189,Goldfish Empire,Inconnue,Inconnue,0,,
Goldberg,Masculin,899,Nouvel Équipage des Géants,Inconnue,Inconnue,0,,images\Goldberg.png
Gismonda,Masculin,705,CP0,Inconnue,Inconnue,0,,images\Gismonda.png
Giovanni,Masculin,809,Principauté de Mokomo,Grand Line ,226,0,,images\Giovanni.png
Gion,Féminin,907,Marine,Inconnue,Inconnue,0,,images\Gion.png
Giro Chintaro,Masculin,909,,Inconnue,Inconnue,0,,images\Giro_Chintaro.png
Ginrummy,Féminin,795,Équipage aux Cent Bêtes,Inconnue,Inconnue,0,Zoan,images\Ginrummy.png
Giolla,Féminin,682,Équipage de Don Quichotte Doflamingo,North Blue,221,0,Paramecia,images\Giolla.png
Ginny,Féminin,1095,Armée Révolutionnaire,Inconnue,Inconnue,0,,images\Ginny.png
Ginnosuke,Masculin,919,,Inconnue,Inconnue,0,,images\Ginnosuke.png
Ginko,Féminin,682,Punk Hazard,Inconnue,Inconnue,0,,images\Ginko.png
Gina,Féminin,318,Équipage de Foxy,Inconnue,Inconnue,0,,images\Gina.png
Gimlet,Masculin,775,,Inconnue,Inconnue,0,,
Gig,Masculin,1024,Équipage de Kid,Inconnue,Inconnue,0,,images\Gig.png
Gin,Masculin,44,Armada Pirate de Don Krieg,East Blue,186,12000000,,images\Gin.png
Giberson,Masculin,860,Pègre,Inconnue,Inconnue,0,,images\Giberson.png
Gerotini,Masculin,1079,Flotte du Roux,Inconnue,Inconnue,0,,images\Gerotini.png
Gerd,Féminin,866,Nouvel Équipage des Géants,Grand Line ,1700,0,,images\Gerd.png
George Mach,Masculin,313,Équipage de Foxy,Inconnue,Inconnue,0,,images\George_Mach.png
Genzo,Masculin,71,Kokoyashi,East Blue ,173,0,,images\Genzo.png
Genrin,Masculin,940,,Inconnue,Inconnue,0,,images\Genrin.png
Genbo,Masculin,249,Shandias,Îles Célestes ,193,0,,images\Genbo.png
Gazelleman,Masculin,914,Équipage aux Cent Bêtes,Inconnue,Inconnue,0,Zoan,images\Gazelleman.png
Gem,Masculin,110,Baroque Works,South Blue,197,10000000,Paramecia,images\Gem.png
Gedatsu,Masculin,241,Ukkari Hot-Spring Island,Îles Célestes ,220,0,,images\Gedatsu.png
Gecko Moria,Masculin,449,Équipage des Pirates Gecko,West Blue,692,320000000,Paramecia,images\Gecko_Moria.png
Gatherine,Féminin,379,Gouvernement Mondial,Inconnue,Inconnue,0,,images\Gatherine.png
Gatz,Masculin,702,Colisée Corrida,Inconnue,Inconnue,0,,images\Gatz.png
Ganryu,Masculin,552,Équipage des Spade,Inconnue,Inconnue,0,,images\Ganryu.png
Ganryu,Masculin,966,Équipage des Pirates de Roger,Inconnue,Inconnue,0,,images\Ganryu.png
Gancho,Masculin,711,Royaume de Tontatta,Inconnue,Inconnue,0,,images\Gancho.png
Gambo,Masculin,905,Armée Révolutionnaire,Inconnue,Inconnue,0,,images\Gambo.png
Galaxy,Masculin,437,Spaceys,Inconnue,Inconnue,0,,images\Galaxy.png
Gan Fall,Masculin,237,Îles Célestes,Grand Line ,180,0,,
Gambia,Masculin,705,Barto Club,Inconnue,Inconnue,67000000,,images\Gambia.png
Gal,Masculin,680,Marine,Inconnue,Inconnue,0,,images\Gal.png
Gally,Masculin,902,Gally Pirates,Inconnue,Inconnue,3450000,,images\Gally.png
Galdino,Masculin,117,Cross Guild,South Blue,179,24000000,Paramecia,images\Galdino.png
Funkfreed,Masculin,365,CP0,Inconnue,Inconnue,0,Zoan,images\Funkfreed.png
Furrari,Masculin,906,Levely,Inconnue,Inconnue,0,,images\Furrari.png
Gaimon,Masculin,22,,East Blue,130,0,,images\Gaimon.png
Fukurokuju,Masculin,931,Famille Kurozumi,Pays des Wa,221,0,,images\Fukurokuju.png
Fukumi,Féminin,,,Inconnue,Inconnue,0,,images\Fukumi.png
Fullbody,Masculin,43,Marine,North Blue,184,0,,images\Fullbody.png
Fukurou,Masculin,375,CP0,Grand Line,331,0,,
Fugetsu Omusubi,Masculin,1024,,Inconnue,Inconnue,0,,images\Fugetsu_Omusubi.png
Fujin,Masculin,931,Équipage aux Cent Bêtes,Pays des Wa,200,0,,images\Fujin.png
Fukaboshi,Masculin,609,Famille Neptune,Grand Line ,604,0,,images\Fukaboshi.png
Fugar,Masculin,1079,Flotte du Roux,Inconnue,Inconnue,0,,
Francois,Masculin,537,Impel Down,Inconnue,Inconnue,0,,images\Francois.png
Fourtricks,Masculin,994,Équipage aux Cent Bêtes,Inconnue,Inconnue,0,Zoan,
Fuga,Masculin,991,Équipage aux Cent Bêtes,Inconnue,Inconnue,0,Zoan,images\Fuga.png
Franky,Masculin,329,Équipage du Chapeau de Paille,South Blue,240,394000000,,images\Franky.png
Forliewbs,Masculin,566,Équipage de Barbe Blanche,Inconnue,Inconnue,0,,images\Forliewbs.png
Fossa,Masculin,553,Équipage de Barbe Blanche,North Blue,Inconnue,0,,images\Fossa.png
Foxy,Masculin,305,Équipage de Foxy,South Blue,180,24000000,Paramecia,images\Foxy.png
Forest Boss,Masculin,333,Ukkari Hot-Spring Island,Inconnue,Inconnue,0,,
Flare,Féminin,,Gérard,Inconnue,Inconnue,0,,images\Flare.png
Flapper,Masculin,711,Royaume de Tontatta,Inconnue,Inconnue,0,,images\Flapper.png
Fishbonen,Masculin,594,Marine,Inconnue,Inconnue,0,,images\Fishbonen.png
Fillonce,Féminin,608,Mermaid Café,Grand Line ,Inconnue,0,,images\Fillonce.png
Finamore,Masculin,552,Équipage des Spade,Inconnue,Inconnue,0,,
Figarland Garling,Masculin,1086,Chevaliers Divins,Inconnue,Inconnue,0,,images\Figarland_Garling.png
Fisher Tiger,Masculin,521,Équipage des Pirates du Soleil,Grand Line ,520,0,,images\Fisher_Tiger.png
Fen Bock,Masculin,668,Caesar Clown,Inconnue,Inconnue,0,,images\Fen_Bock.png
Faust,Masculin,508,Équipage de Hawkins,North Blue,Inconnue,0,,images\Faust.png
Elmy,Féminin,551,Subordonné de L'Équipage de Barbe Blanche,Inconnue,Inconnue,0,,images\Elmy.png
Eikon,Féminin,711,Royaume de Tontatta,Inconnue,Inconnue,0,,images\Eikon.png
Eggplant Soldier,Masculin,849,Équipage de Big Mom,Inconnue,Inconnue,0,,
Egana,Masculin,483,,Inconnue,Inconnue,0,,images\Egana.png
Eiri,Masculin,866,,Inconnue,Inconnue,0,,
Elizabello II,Masculin,704,Royaume de Prodence,Grand Line ,436,0,,images\Elizabello_II.png
Eddy,Masculin,223,Équipage du New Age,Inconnue,Inconnue,0,,images\Eddy.png
Edward Weevil,Masculin,802,Grand Corsaire,Grand Line,680,0,,images\Edward_Weevil.png
Drug Peclo,Masculin,860,Pègre,Inconnue,Inconnue,0,,images\Drug_Peclo.png
Duval,Masculin,491,Rosy Life Riders,Grand Line,470,0,,images\Duval.png
Ducky Bree,Masculin,552,Équipage des Spade,Inconnue,Inconnue,0,,images\Ducky_Bree.png
Edward Newgate,Masculin,159,Équipage de Barbe Blanche,Grand Line,666,0,Paramecia,images\Edward_Newgate.png
Edison,Masculin,1065,SSG,Inconnue,Inconnue,0,,images\Edison.png
Drip,Masculin,598,Faux Équipage du Chapeau de Paille,East Blue,208,0,,images\Drip.png
Drophy,Féminin,160,Baroque Works,Grand Line,156,14000000,Zoan,images\Drophy.png
Draw,Masculin,,Marine,Inconnue,Inconnue,0,,images\Draw.png
Dragon Number Thirteen,Masculin,655,,Inconnue,Inconnue,0,,
Dotaku,Masculin,926,Famille Kozuki,Inconnue,Inconnue,0,,images\Dotaku.png
Dracule Mihawk,Masculin,49,Cross Guild,Inconnue,198,3590000000,,images\Dracule_Mihawk.png
Dosun,Masculin,611,Équipage des Nouveaux Hommes-Poissons,Grand Line ,418,0,,images\Dosun.png
Dorry,Masculin,116,Équipage des Géants,Grand Line ,2260,100000000,,images\Dorry.png
Doran,Masculin,657,,Inconnue,Inconnue,0,,images\Doran.png
Doringo,Masculin,0,Équipage des Pirates de Roger,Inconnue,Inconnue,0,,images\Doringo.png
Donquixote Homing,Masculin,760,Gouvernement Mondial,Inconnue,Inconnue,0,,
Donquixote Mjosgard,Masculin,625,Gouvernement Mondial,Inconnue,Inconnue,0,,
Donquixote Rosinante,Masculin,761,Marine,Red Line ,293,0,Paramecia,
Donquino,Masculin,966,Équipage des Pirates de Roger,Inconnue,Inconnue,0,,images\Donquino.png
Donovan,Masculin,318,Équipage de Foxy,Inconnue,Inconnue,0,,images\Donovan.png
Donannoyo,Masculin,926,Équipage aux Cent Bêtes,Inconnue,Inconnue,0,,images\Donannoyo.png
Donquixote Doflamingo,Masculin,233,Équipage de Don Quichotte Doflamingo,Red Line ,305,0,Paramecia,images\Donquixote_Doflamingo.png
Domino,Féminin,526,Impel Down,Grand Line,Inconnue,0,,images\Domino.png
Doma,Masculin,551,Subordonné de L'Équipage de Barbe Blanche,Inconnue,Inconnue,0,,images\Doma.png
Doll,Féminin,1061,Marine,Inconnue,Inconnue,0,,images\Doll.png
Doha Ittanka II,Masculin,529,,Inconnue,Inconnue,0,,images\Doha_Ittanka_II.png
Dogya,Masculin,552,Équipage des Spade,Inconnue,Inconnue,0,,images\Dogya.png
Dogra,Masculin,582,Famille Dadan,East Blue,Inconnue,0,,images\Dogra.png
Doc Q,Masculin,223,Équipage de Barbe Noire,North Blue,342,0,Paramecia,images\Doc_Q.png
Dobby Ibadonbo,Masculin,531,,Inconnue,Inconnue,0,,images\Dobby_Ibadonbo.png
Dive,Féminin,1024,Équipage de Kid,Inconnue,Inconnue,0,,images\Dive.png
Dobon,Masculin,926,Équipage aux Cent Bêtes,Inconnue,Inconnue,0,Zoan,images\Dobon.png
Doberman,Masculin,420,Marine,Inconnue,Inconnue,0,,images\Doberman.png
Disco,Masculin,500,Donquixote Doflamingo (former),Grand Line,Inconnue,0,,images\Disco.png
Disc J,Masculin,1040,Équipage de Kid,Inconnue,Inconnue,0,,images\Disc_J.png
Dirt Boss,Masculin,326,Ukkari Hot-Spring Island,Inconnue,Inconnue,0,,
Diez Barrels,Masculin,765,Barrels Pirates,Inconnue,Inconnue,0,,images\Diez_Barrels.png
Diesel,Masculin,827,Équipage de Big Mom,Inconnue,Inconnue,0,,images\Diesel.png
Didit,Féminin,585,Royaume de Goa,Inconnue,Inconnue,0,,images\Didit.png
Damask,Masculin,706,,Inconnue,Inconnue,0,,images\Damask.png
Daruma,Masculin,611,Équipage des Nouveaux Hommes-Poissons,Grand Line ,122,0,,images\Daruma.png
Dalmatian,Masculin,553,Marine,Inconnue,Inconnue,0,,images\Dalmatian.png
Diamante,Masculin,700,Équipage de Don Quichotte Doflamingo,North Blue,525,0,Paramecia,images\Diamante.png
Decalvan Brothers,Masculin,551,Subordonnés de L'Équipage de Barbe Blanche,Inconnue,Inconnue,0,,images\Decalvan_Brothers.png
Daz Bonez,Masculin,160,Cross Guild,West Blue,212,75000000,Paramecia,images\Daz_Bonez.png
Daisy,Féminin,516,Kujas,Calm Belt ,Inconnue,0,,images\Daisy.png
Daikon,Masculin,732,Royaume de Tontatta,Inconnue,Inconnue,0,,images\Daikon.png
Dalton,Masculin,132,Royaume des Cerisiers,Grand Line ,218,0,Zoan,images\Dalton.png
Daikoku,Masculin,931,Équipage aux Cent Bêtes,Pays des Wa,436,0,,images\Daikoku.png
Dagama,Masculin,704,Royaume de Prodence,Inconnue,Inconnue,0,,images\Dagama.png
Daigin,Masculin,531,Marine,West Blue,Inconnue,0,,images\Daigin.png
Daddy Dee,Masculin,79,World Government Orphanage,East Blue ,Inconnue,0,,
Daifugo,Masculin,934,Équipage aux Cent Bêtes,Inconnue,Inconnue,0,Zoan,images\Daifugo.png
Dachoman,Masculin,940,Équipage aux Cent Bêtes,Inconnue,Inconnue,0,Zoan,images\Dachoman.png
Curiel,Masculin,552,Équipage de Barbe Blanche,Grand Line,Inconnue,0,,images\Curiel.png
Crocus,Masculin,102,Équipage des Pirates de Roger,Grand Line,203,0,,images\Crocus.png
Curly Dadan,Féminin,440,Famille Dadan,East Blue,221,7800000,,images\Curly_Dadan.png
Couran,Masculin,906,Levely,Inconnue,Inconnue,0,,images\Couran.png
Cotton,Féminin,718,Royaume de Tontatta,Inconnue,Inconnue,0,,images\Cotton.png
Cosmos,Féminin,516,Kujas,Calm Belt ,Inconnue,0,,images\Cosmos.png
Crocodile,Masculin,126,Cross Guild,Grand Line,253,1965000000,Logia,images\Crocodile.png
Cosmo,Masculin,437,Spaceys,Inconnue,Inconnue,0,,images\Cosmo.png
Cosette,Féminin,839,Royaume de Germa,Inconnue,Inconnue,0,,images\Cosette.png
Cornelia,Masculin,552,Équipage des Spade,Inconnue,Inconnue,0,,images\Cornelia.png
Corgi,Masculin,328,Gouvernement Mondial,Inconnue,Inconnue,0,,images\Corgi.png
Conney,Féminin,1099,,Inconnue,Inconnue,0,,images\Conney.png
Conis,Féminin,239,Pumpkin Café,Grand Line ,176,0,,images\Conis.png
Concelot,Masculin,809,Principauté de Mokomo,Grand Line ,204,0,,images\Concelot.png
Coribou,Masculin,600,Équipage de Caribou,North Blue,250,190000000,,images\Coribou.png
Columbus,Féminin,906,Flotte Yonta Maria,Inconnue,Inconnue,0,,images\Columbus.png
Colscon,Masculin,574,Équipage de Barbe Blanche,Inconnue,Inconnue,0,,images\Colscon.png
Cocox,Masculin,22,Animals of the Island of Rare Animals,East Blue ,Inconnue,0,,
Cocoa,Féminin,598,Faux Équipage du Chapeau de Paille,East Blue,138,0,,images\Cocoa.png
Coburn,Masculin,288,Shandias,Jaya,Inconnue,0,,images\Coburn.png
Clover,Masculin,391,Ohara,West Blue ,172,0,,images\Clover.png
Clione,Masculin,810,Équipage du Heart,Inconnue,Inconnue,0,,images\Clione.png
Clapp,Masculin,1095,,South Blue ,Inconnue,0,,
Choco Police,Masculin,827,Chocolate Town,Inconnue,Inconnue,0,,
Chocho,Féminin,921,,Inconnue,Inconnue,0,,images\Chocho.png
Cho,Féminin,952,,Inconnue,Inconnue,0,,images\Cho.png
Chiya,Masculin,287,Shandias,Jaya,Inconnue,0,,images\Chiya.png
Chihaya,Féminin,919,,Inconnue,Inconnue,0,,images\Chihaya.png
Chimney,Féminin,322,Gare de Shift,Grand Line ,115,0,,images\Chimney.png
Chicory,Féminin,738,Royaume de Tontatta,Inconnue,Inconnue,0,,images\Chicory.png
Chinjao,Masculin,704,Famille Chinjao,West Blue ,520,542000000,,images\Chinjao.png
Chicken,Féminin,1,,East Blue ,Inconnue,0,,
Chichilisia,Masculin,879,,Inconnue,Inconnue,0,,images\Chichilisia.png
Chessmarimo,Masculin,147,Équipage de Wapol,Inconnue,Inconnue,0,,images\Chessmarimo.png
Chesskippa,Masculin,398,,Inconnue,Inconnue,0,,images\Chesskippa.png
Chew,Masculin,69,Équipage d'Arlong,Grand Line ,257,5500000,,images\Chew.png
Chess,Masculin,131,Équipage du Bliking (Dissous),Grand Line ,194,0,,images\Chess.png
Charlotte Yuen,Masculin,894,Famille Charlotte,Inconnue,Inconnue,0,,images\Charlotte_Yuen.png
Charlotte Wiro,Masculin,845,Famille Charlotte,Inconnue,Inconnue,0,,
Charlotte Wafers,Féminin,845,Famille Charlotte,Inconnue,Inconnue,0,,images\Charlotte_Wafers.png
Charlotte Zuccotto,Masculin,862,Famille Charlotte,Inconnue,Inconnue,0,,images\Charlotte_Zuccotto.png
Charlotte Saint-Marc,Masculin,862,Famille Charlotte,Inconnue,Inconnue,0,,images\Charlotte_Saint-Marc.png
Charlotte Snack,Masculin,894,Famille Charlotte,Inconnue,Inconnue,600000000,,images\Charlotte_Snack.png
Charlotte Tablet,Masculin,862,Famille Charlotte,Inconnue,Inconnue,0,,images\Charlotte_Tablet.png
Charlotte Prim,Féminin,896,Famille Charlotte,Grand Line ,Inconnue,0,,images\Charlotte_Prim.png
Charlotte Smoothie,Féminin,846,Famille Charlotte,Grand Line ,464,932000000,Paramecia,images\Charlotte_Smoothie.png
Charlotte Praline,Féminin,830,Équipage des Pirates du Soleil,Grand Line ,800,0,,images\Charlotte_Praline.png
Charlotte Raisin,Masculin,845,Famille Charlotte,Inconnue,Inconnue,0,,images\Charlotte_Raisin.png
Charlotte Pudding,Féminin,651,Famille Charlotte,Grand Line ,166,0,Paramecia,images\Charlotte_Pudding.png
Charlotte Nusstorte,Masculin,854,Famille Charlotte,Inconnue,Inconnue,0,,images\Charlotte_Nusstorte.png
Charlotte Nougat,Masculin,894,Famille Charlotte,Inconnue,Inconnue,0,,images\Charlotte_Nougat.png
Charlotte Normande,Féminin,845,Famille Charlotte,Inconnue,Inconnue,0,,images\Charlotte_Normande.png
Charlotte Oven,Masculin,861,Famille Charlotte,Grand Line ,492,300000000,Paramecia,images\Charlotte_Oven.png
Charlotte Noisette,Masculin,862,Famille Charlotte,Inconnue,Inconnue,0,,images\Charlotte_Noisette.png
Charlotte Opera,Masculin,829,Famille Charlotte,Inconnue,Inconnue,0,Paramecia,images\Charlotte_Opera.png
Charlotte Montb,Masculin,897,Famille Charlotte,Inconnue,Inconnue,0,,images\Charlotte_Montb.png
Charlotte Mont-d'Or,Masculin,829,Famille Charlotte,Grand Line ,260,120000000,Paramecia,images\Charlotte_Mont-d'Or.png
Charlotte Mobile,Masculin,862,Famille Charlotte,Inconnue,Inconnue,0,,images\Charlotte_Mobile.png
Charlotte Mascarpone,Masculin,845,Famille Charlotte,Inconnue,Inconnue,0,,images\Charlotte_Mascarpone.png
Charlotte Mash,Féminin,865,Famille Charlotte,Inconnue,Inconnue,0,,images\Charlotte_Mash.png
Charlotte Mondée,Féminin,854,Famille Charlotte,Inconnue,Inconnue,0,,images\Charlotte_Mondée.png
Charlotte Marnier,Féminin,861,Famille Charlotte,Inconnue,Inconnue,0,,images\Charlotte_Marnier.png
Charlotte Marble,Féminin,894,Famille Charlotte,Inconnue,Inconnue,0,,images\Charlotte_Marble.png
Charlotte Melise,Féminin,854,Famille Charlotte,Inconnue,Inconnue,0,,images\Charlotte_Melise.png
Charlotte Maple,Féminin,897,Famille Charlotte,Inconnue,Inconnue,0,,
Charlotte Laurin,Masculin,864,Famille Charlotte,Inconnue,Inconnue,0,,images\Charlotte_Laurin.png
Charlotte Kanten,Masculin,862,Famille Charlotte,Inconnue,Inconnue,0,,images\Charlotte_Kanten.png
Charlotte Lola,Féminin,476,Association des Victimes de Thriller Bark,Grand Line ,215,24000000,,images\Charlotte_Lola.png
Charlotte Hachée,Féminin,871,Famille Charlotte,Inconnue,Inconnue,0,,images\Charlotte_Hachée.png
Charlotte Linlin,Féminin,651,Équipage de Big Mom,Grand Line,880,4388000000,Paramecia,images\Charlotte_Linlin.png
Charlotte Katakuri,Masculin,860,Famille Charlotte,Grand Line ,509,1057000000,Paramecia,images\Charlotte_Katakuri.png
Charlotte Kato,Masculin,854,Famille Charlotte,Inconnue,Inconnue,0,,images\Charlotte_Kato.png
Charlotte Galette,Féminin,829,Famille Charlotte,Inconnue,Inconnue,0,Paramecia,images\Charlotte_Galette.png
Charlotte Effilée,Féminin,864,Famille Charlotte,Inconnue,Inconnue,0,,images\Charlotte_Effilée.png
Charlotte Dosmarche,Masculin,861,Famille Charlotte,Inconnue,Inconnue,0,,images\Charlotte_Dosmarche.png
Charlotte Custard,Féminin,862,Famille Charlotte,Grand Line ,Inconnue,0,,images\Charlotte_Custard.png
Charlotte Counter,Masculin,845,Famille Charlotte,Inconnue,Inconnue,0,,images\Charlotte_Counter.png
Charlotte Flampe,Féminin,891,Famille Charlotte,Grand Line ,170,0,,images\Charlotte_Flampe.png
Charlotte Cornstarch,Féminin,865,Famille Charlotte,Inconnue,Inconnue,0,,images\Charlotte_Cornstarch.png
Charlotte Cracker,Masculin,835,Famille Charlotte,Grand Line ,307,860000000,Paramecia,images\Charlotte_Cracker.png
Charlotte Compo,Masculin,864,Famille Charlotte,Inconnue,Inconnue,0,,images\Charlotte_Compo.png
Charlotte Citron,Féminin,861,Famille Charlotte,Grand Line ,Inconnue,0,,images\Charlotte_Citron.png
Charlotte Compote,Féminin,860,Famille Charlotte,Inconnue,Inconnue,0,,images\Charlotte_Compote.png
Charlotte Chiboust,Masculin,894,Famille Charlotte,Inconnue,Inconnue,0,,images\Charlotte_Chiboust.png
Charlotte Cadenza,Masculin,845,Famille Charlotte,Inconnue,Inconnue,0,,images\Charlotte_Cadenza.png
Charlotte Cabaletta,Masculin,845,Famille Charlotte,Inconnue,Inconnue,0,,images\Charlotte_Cabaletta.png
Charlotte Chiffon,Féminin,825,Équipage du Fire Tank,Grand Line ,215,0,,images\Charlotte_Chiffon.png
Charlotte Brûlée,Féminin,831,Famille Charlotte,Grand Line ,350,0,Paramecia,images\Charlotte_Brûlée.png
Charlotte Basans,Masculin,862,Famille Charlotte,Inconnue,Inconnue,0,,images\Charlotte_Basans.png
Charlotte Broyé,Féminin,864,Famille Charlotte,Grand Line ,Inconnue,0,,images\Charlotte_Broyé.png
Charlotte Bavarois,Masculin,888,Famille Charlotte,Inconnue,Inconnue,0,,images\Charlotte_Bavarois.png
Charlotte Angel,Féminin,860,Famille Charlotte,Grand Line ,Inconnue,0,,images\Charlotte_Angel.png
Charlotte Brownie,Masculin,845,Famille Charlotte,Inconnue,Inconnue,0,,images\Charlotte_Brownie.png
Charlotte Anglais,Masculin,845,Famille Charlotte,Inconnue,Inconnue,0,,images\Charlotte_Anglais.png
Charlotte Basskarte,Masculin,860,Famille Charlotte,Inconnue,Inconnue,0,,images\Charlotte_Basskarte.png
Charlotte Anana,Féminin,845,Famille Charlotte,Inconnue,Inconnue,0,,images\Charlotte_Anana.png
Chappe,Masculin,668,Caesar Clown,Inconnue,Inconnue,0,,images\Chappe.png
Chap,Masculin,823,Levely,Inconnue,Inconnue,0,,images\Chap.png
Chao,Masculin,738,Royaume de Tontatta,Inconnue,Inconnue,0,,images\Chao.png
Charlotte Amande,Féminin,827,Famille Charlotte,Inconnue,Inconnue,0,,images\Charlotte_Amande.png
Charlos,Masculin,499,Gouvernement Mondial,Red Line ,230,0,,images\Charlos.png
Chaka,Masculin,155,Alabasta,Grand Line ,213,0,Zoan,images\Chaka.png
Chabo,Masculin,69,Village de Gosa,East Blue ,Inconnue,0,,images\Chabo.png
Cezar,Masculin,823,Levely,Inconnue,Inconnue,0,,images\Cezar.png
Chadros Higelyges,Masculin,581,César Clown,Grand Line,691,0,,images\Chadros_Higelyges.png
CB Gallant,Masculin,966,Équipage des Pirates de Roger,Inconnue,Inconnue,0,,
Catacombo,Masculin,602,Marine,Inconnue,Inconnue,0,,images\Catacombo.png
Cavendish,Masculin,704,Équipage des Magnifiques Pirates,Grand Line ,208,330000000,,images\Cavendish.png
Catarina Devon,Féminin,575,Équipage de Barbe Noire,South Blue,361,0,Zoan,images\Catarina_Devon.png
Carne,Masculin,45,Baratie,East Blue,171,0,,images\Carne.png
Capote,Masculin,306,Équipage de Foxy,Inconnue,Inconnue,0,,
Carmel,Féminin,861,Pègre,West Blue,185,0,Paramecia,images\Carmel.png
Carrot,Féminin,804,Principauté de Mokomo,Grand Line ,161,0,,images\Carrot.png
Capone Pez,Masculin,834,Équipage du Fire Tank,Inconnue,Inconnue,0,,images\Capone_Pez.png
Caribou,Masculin,600,Équipage de Caribou,North Blue,228,210000000,Logia,images\Caribou.png
Candy,Masculin,510,Équipage des Candys,Grand Line,Inconnue,0,,images\Candy.png
Cands,Masculin,569,Allié de l'équipage de Barbe Blanche,Inconnue,Inconnue,0,,images\Cands.png
Candre,Masculin,557,Marine,Inconnue,Inconnue,0,,images\Candre.png
Capone Bege,Masculin,498,Équipage du Fire Tank,West Blue,166,350000000,Paramecia,images\Capone_Bege.png
Cancer,Masculin,96,Marine,Inconnue,Inconnue,0,,images\Cancer.png
Caimanlady,Féminin,1004,Équipage aux Cent Bêtes,Inconnue,Inconnue,0,Zoan,images\Caimanlady.png
Camie,Féminin,195,Mermaid Café,Grand Line ,197,0,,images\Camie.png
Byron,Masculin,501,,West Blue,192,0,,images\Byron.png
Busshiri,Masculin,391,Archéologue d'Ohara,Inconnue,Inconnue,0,,images\Busshiri.png
Caesar Clown,Masculin,658,Royaume de Germa,Grand Line,309,300000000,Logia,images\Caesar_Clown.png
Cabaji,Masculin,9,Cross Guild,East Blue,208,0,,images\Cabaji.png
Bushon,Masculin,361,,Inconnue,Inconnue,0,,images\Bushon.png
Bunny Joe,Masculin,546,Armée Révolutionnaire,Inconnue,Inconnue,0,,images\Bunny_Joe.png
Bungo,Masculin,928,,Inconnue,Inconnue,0,,images\Bungo.png
Bunbuku,Masculin,911,,Inconnue,Inconnue,0,Zoan,images\Bunbuku.png
Bulldog,Masculin,1099,,Inconnue,Inconnue,0,,images\Bulldog.png
Building Snake,Masculin,41,Équipage du Roux,Inconnue,Inconnue,0,,images\Building_Snake.png
Buckingham Stussy,Féminin,802,Équipage de Rocks,Grand Line,68,0,,images\Buckingham_Stussy.png
Buhichuck,Masculin,446,Équipage des Pirates Gecko,Inconnue,Inconnue,0,,images\Buhichuck.png
Buggy,Masculin,9,Cross Guild,Grand Line,130,3189000000,Paramecia,images\Buggy.png
Buffalo,Masculin,692,Équipage de Don Quichotte Doflamingo,North Blue,696,0,Paramecia,images\Buffalo.png
Buchi,Masculin,31,Équipage du Chat Noir,East Blue,216,7000000,,images\Buchi.png
Buche,Masculin,880,Équipage de Big Mom,Inconnue,Inconnue,0,,images\Buche.png
Bubblegum,Masculin,1029,Équipage de Kid,Inconnue,Inconnue,0,,images\Bubblegum.png
Brontosaurus,Masculin,115,,Grand Line ,Inconnue,0,,images\Brontosaurus.png
Brook,Masculin,442,Équipage du Chapeau de Paille,West Blue,277,383000000,Paramecia,images\Brook.png
Brocca,Féminin,561,Équipage de Barbe Blanche,Inconnue,Inconnue,0,,images\Brocca.png
Brogy,Masculin,115,Équipage des Géants,Grand Line ,2130,100000000,,images\Brogy.png
Brew,Masculin,561,Équipage de Barbe Blanche,Inconnue,Inconnue,0,,images\Brew.png
Braham,Masculin,249,Shandias,Îles Célestes ,179,0,,images\Braham.png
Super Spot-Billed Duck Troops,Masculin,180,Alabasta,Inconnue,Inconnue,0,,
Briscola,Masculin,993,Équipage aux Cent Bêtes,Inconnue,Inconnue,0,Zoan,images\Briscola.png
Brannew,Masculin,96,Marine,Grand Line,190,0,,images\Brannew.png
Boodle,Masculin,12,,East Blue ,172,0,,
Boogie,Masculin,1038,Équipage de Kid,Inconnue,Inconnue,0,,images\Boogie.png
Bongo,Masculin,928,,Inconnue,Inconnue,0,,images\Bongo.png
Borsalino,Masculin,504,Marine,North Blue,302,0,Logia,images\Borsalino.png
Bomba,Masculin,711,Royaume de Tontatta,Inconnue,Inconnue,0,,images\Bomba.png
Bomba,Masculin,652,Marine,Inconnue,Inconnue,0,,images\Bomba.png
Boo,Masculin,704,Flotte de Happou,Inconnue,Inconnue,0,,images\Boo.png
Bogard,Masculin,92,,Inconnue,Inconnue,0,,
Bobomba,Masculin,711,Royaume de Tontatta,Inconnue,Inconnue,0,,images\Bobomba.png
Bobby Funk,Masculin,704,Royaume de Mogalo,Grand Line ,320,36000000,,images\Bobby_Funk.png
Bobbin,Masculin,651,Équipage de Big Mom,Inconnue,Inconnue,105500000,,images\Bobbin.png
Blumarine,Masculin,967,Équipage des Pirates de Roger,Inconnue,Inconnue,0,,images\Blumarine.png
Boa Sandersonia,Féminin,516,Kujas,Calm Belt ,453,40000000,Zoan,images\Boa_Sandersonia.png
Boa Marigold,Féminin,516,Kujas,Calm Belt ,432,40000000,Zoan,images\Boa_Marigold.png
Boa Hancock,Féminin,516,Kujas,Calm Belt ,191,1659000000,Paramecia,images\Boa_Hancock.png
Bluegrass,Féminin,1089,Marine,Inconnue,Inconnue,0,Paramecia,images\Bluegrass.png
Blueno,Masculin,325,CP0,North Blue,258,0,Paramecia,images\Blueno.png
Blue Gilly,Masculin,706,Grande Flotte du Chapeau de Paille,Grand Line,314,0,,images\Blue_Gilly.png
Bluejam,Masculin,584,Équipage de Bluejam,East Blue ,261,14300000,,images\Bluejam.png
Blue Fan,Féminin,516,Kujas,Calm Belt ,Inconnue,0,,images\Blue_Fan.png
Blenheim,Masculin,553,Équipage de Barbe Blanche,Grand Line,Inconnue,0,,images\Blenheim.png
Blamenco,Masculin,553,Équipage de Barbe Blanche,South Blue,Inconnue,0,Paramecia,images\Blamenco.png
Blackback,Masculin,805,Principauté de Mokomo,Inconnue,Inconnue,0,,
Blondie,Masculin,558,Subordonné de L'Équipage de Barbe Blanche,Inconnue,Inconnue,0,,images\Blondie.png
Bizarre,Masculin,553,Subordonné de L'Équipage de Barbe Blanche,Inconnue,Inconnue,0,,images\Bizarre.png
Biyo,Masculin,658,,Inconnue,Inconnue,0,,images\Biyo.png
Bishamon,Masculin,931,Équipage aux Cent Bêtes,Pays des Wa,182,0,,images\Bishamon.png
Black Maria,Féminin,977,Équipage aux Cent Bêtes,Pays des Wa,820,480000000,Zoan,images\Black_Maria.png
Bingo,Masculin,928,,Inconnue,Inconnue,0,,images\Bingo.png
Bian,Féminin,717,Royaume de Tontatta,Inconnue,Inconnue,0,Zoan,
Bimine,Masculin,657,,Inconnue,Inconnue,0,,images\Bimine.png
Big Pan,Masculin,309,Équipage de Foxy,Inconnue,Inconnue,0,,images\Big_Pan.png
Bepo,Masculin,498,Équipage du Heart,Zou,240,500,,images\Bepo.png
Belladonna,Féminin,514,Kujas,Calm Belt ,Inconnue,0,,images\Belladonna.png
Bellett,Féminin,537,Impel Down,Inconnue,Inconnue,0,,images\Bellett.png
Bentham / Bonclay,Neutre,129,Baroque Works,East Blue,238,0,Paramecia,
Bell-mère,Féminin,77,Marine,East Blue ,186,0,,images\Bell-mère.png
Benn Beckman,Masculin,1,Équipage du Roux,North Blue,206,0,,images\Benn_Beckman.png
Bellamy,Masculin,222,Équipage de Don Quichotte Doflamingo,Inconnue,240,195000000,Paramecia,images\Bellamy.png
Bekori,Masculin,1097,,Inconnue,Inconnue,0,,images\Bekori.png
Beer VI,Masculin,823,,Inconnue,Inconnue,0,,images\Beer_VI.png
Belo Betty,Féminin,904,Armée Révolutionnaire,East Blue,196,457000000,Paramecia,images\Belo_Betty.png
Baxcon,Masculin,718,Royaume de Tontatta,Inconnue,Inconnue,0,,images\Baxcon.png
Batman,Masculin,914,Équipage aux Cent Bêtes,Inconnue,Inconnue,0,Zoan,images\Batman.png
Batchee,Masculin,43,,East Blue,Inconnue,0,,images\Batchee.png
Bastille,Masculin,553,Marine,Grand Line,291,0,,images\Bastille.png
Barry,Masculin,552,Équipage des Spade,Inconnue,Inconnue,0,,images\Barry.png
Bariete,Masculin,804,Principauté de Mokomo,Inconnue,Inconnue,0,,images\Bariete.png
Basil Hawkins,Masculin,498,Équipage de Hawkins,North Blue,210,320000000,Paramecia,images\Basil_Hawkins.png
Bartolomeo,Masculin,705,Barto Club,East Blue,220,200000000,Paramecia,images\Bartolomeo.png
Bartholomew Kuma,Masculin,233,Armée Révolutionnaire,South Blue ,689,296000000,Paramecia,images\Bartholomew_Kuma.png
Banzaburo,Masculin,960,Famille Kozuki,Inconnue,Inconnue,0,,images\Banzaburo.png
"Gyoro, Nin, and Bao",Masculin,449,Équipage des Pirates Gecko,Inconnue,Inconnue,0,,
Bao Huang,Féminin,979,Équipage aux Cent Bêtes,Inconnue,Inconnue,0,Zoan,images\Bao_Huang.png
Bankuro,Masculin,967,Équipage des Pirates de Roger,Inconnue,Inconnue,0,,images\Bankuro.png
Banshee,Féminin,552,Équipage des Spade,Inconnue,Inconnue,0,,
Banchina,Féminin,41,,East Blue ,Inconnue,0,,images\Banchina.png
Banchi,Masculin,114,Baroque Works,West Blue,Inconnue,0,,images\Banchi.png
Ban Dedessinée,Féminin,823,Levely,East Blue,Inconnue,0,,images\Ban_Dedessinée.png
Bakezo,Masculin,668,Marine,Inconnue,Inconnue,0,,images\Bakezo.png
Baggaley,Masculin,561,Équipage de Barbe Blanche,Inconnue,Inconnue,0,,images\Baggaley.png
Bacura,Féminin,516,Kujas,Calm Belt ,Inconnue,0,,images\Bacura.png
Baby 5,Féminin,682,Flotte de Happou,North Blue,181,0,Paramecia,images\Baby_5.png
Attach,Masculin,436,World Economy News Paper,Inconnue,Inconnue,0,,images\Attach.png
Babe,Masculin,160,Baroque Works,Grand Line,218,3200000,,images\Babe.png
Azuki,Féminin,940,,Inconnue,Inconnue,0,,images\Azuki.png
Atmos,Masculin,553,Équipage de Barbe Blanche,West Blue,Inconnue,0,,images\Atmos.png
Babanuki,Masculin,934,Équipage aux Cent Bêtes,Inconnue,Inconnue,0,Zoan,images\Babanuki.png
Avalo Pizarro,Masculin,575,Équipage de Barbe Noire,North Blue,505,0,Paramecia,images\Avalo_Pizarro.png
Atagoyama,Masculin,915,,Inconnue,Inconnue,0,,images\Atagoyama.png
Atlas,Féminin,1062,SSG,Inconnue,Inconnue,0,,images\Atlas.png
Aruyutayan V,Masculin,292,Royaume de Luvneel,North Blue,Inconnue,0,,images\Aruyutayan_V.png
Asashichi,Masculin,930,,Inconnue,Inconnue,0,,images\Asashichi.png
Arthur,Masculin,556,Équipage de Barbe Blanche,Inconnue,Inconnue,0,,images\Arthur.png
Asahija,Masculin,483,Marine,Inconnue,Inconnue,0,,images\Asahija.png
Aswa,Féminin,163,Île des Hommes-Poissons,Inconnue,Inconnue,0,,images\Aswa.png
Tsumegeri Guards,Masculin,196,Alabasta,Inconnue,Inconnue,0,,
Ashura Doji,Masculin,920,Famille Kozuki,Grand Line ,544,0,,images\Ashura_Doji.png
Arlong,Masculin,69,Équipage d'Arlong,Grand Line ,263,0,,images\Arlong.png
Aremo Ganmi,Féminin,707,Colisée Corrida,Inconnue,Inconnue,0,,images\Aremo_Ganmi.png
Andre,Masculin,558,Équipage de Barbe Blanche,Inconnue,Inconnue,0,,images\Andre.png
Aphelandra,Féminin,514,Kujas,Calm Belt ,Inconnue,0,,images\Aphelandra.png
Antonio,Masculin,497,Archipel Sabaody,Inconnue,Inconnue,0,,images\Antonio.png
Aramaki,Masculin,905,Marine,Inconnue,Inconnue,0,Logia,images\Aramaki.png
An Zengaiina,Masculin,528,,Grand Line,Inconnue,0,,images\An_Zengaiina.png
Baskerville,Masculin,379,Gouvernement Mondial,Grand Line,512,0,,images\Baskerville.png
Amadob,Masculin,558,Allié de l'équipage de Barbe Blanche,Inconnue,Inconnue,0,,images\Amadob.png
Amazon,Féminin,238,Îles Célestes,Grand Line ,120,0,,images\Amazon.png
Agotogi,Masculin,163,Alabasta,Inconnue,Inconnue,0,,images\Agotogi.png
Aggie 68,Masculin,552,Équipage des Spade,Inconnue,Inconnue,0,,images\Aggie_68.png
Alvida,Féminin,2,Cross Guild,East Blue,198,5000000,Paramecia,images\Alvida.png
Adele,Féminin,608,Mermaid Café,Grand Line ,Inconnue,0,,images\Adele.png
Acilia,Féminin,706,Colisée Corrida,Inconnue,Inconnue,0,,images\Acilia.png
Absalom,Masculin,444,Équipage des Pirates Gecko,West Blue,195,0,Paramecia,images\Absalom.png
Abdullah,Masculin,704,Grande Flotte du Chapeau de Paille,Inconnue,Inconnue,0,,images\Abdullah.png
